complaint_id,complaint_brand,complaint_model,complaint_type,complaint_desc,complaint_problem,complaint_time,complaint_status
524298,奇瑞汽车,瑞虎3x,2017款 1.5L 自动 时尚版,奇瑞瑞虎3x事故车维修后防冻液水壶爆炸,"A191,",2020-09-20,信息审核
524295,沃尔沃亚太,沃尔沃S90,2020款 T5 智逸豪华版,亚太沃尔沃S90发动机舱内有异响方向盘抖动	,"A9,D80,",2020-09-20,信息审核
524294,东风本田,本田CR-V,2019款 240TURBO CVT 两驱 舒适版 国V,东风本田CR-V经销商违规收取续保押金,"K309,",2020-09-20,信息审核
524291,广汽本田,缤智,2017款 1.5L CVT 两驱 舒适型,广汽本田缤智变速箱电磁阀故障希望厂家处理,"B84,",2020-09-20,信息审核
524288,BEIJING汽车,绅宝X55,2016款 1.5T CVT 精英版,BEIJING绅宝X55变速箱故障灯亮无法行驶,"B96,B334,",2020-09-20,信息审核
524286,广汽丰田,凯美瑞,2008款 200G 2.0 自动 豪华版,广汽丰田凯美瑞仪表台有脱皮开裂的现象,"H176,",2020-09-20,信息审核
524284,北汽新能源,EV系列,2014款 E150 EV 科技版,北汽新能源EV系列动力电池故障4S店不保修,"H343,J300,",2020-09-20,信息审核
524283,长安汽车,长安CS35,2017款 1.6L 自动 豪华型,长安CS35发动机盖和叶子板漆面开裂而且生锈,"H79,H81,",2020-09-20,信息审核
524281,长安铃木,维特拉,2016款 1.4T 手动 两驱 豪华型,长安铃木维特拉行驶过程中方向盘卡顿有异响,"D59,D123,",2020-09-20,信息审核
524274,上汽大众,朗逸,2017款 230TSI 双离合 舒适版,上汽大众朗逸韩泰轮胎全部出现开裂,"F100,",2020-09-20,信息审核
524271,一汽-大众,速腾,2018款 280TSI DSG熠动版,一汽大众速腾轮胎韩泰开裂影响驾驶安全,"F100,",2020-09-20,信息审核
524267,东风雪铁龙,雪铁龙C4L,2013款 1.8L 自动 劲智版,东风雪铁龙C4L方向盘晃动严重希望厂家处理,"D265,",2020-09-20,信息审核
524263,一汽-大众,迈腾,2017款 330TSI DSG 领先型,一汽大众迈腾车身漆面有爆漆的现象,"H81,",2020-09-20,信息审核
524261,上汽大众,途观L,2018款 330TSI 自动 两驱 豪华版,上汽大众途观L备胎盖板出现断裂的现象,"H168,",2020-09-20,信息审核
524256,众泰汽车,众泰T600,2014款 1.5T 手动 豪华型,众泰T600漆面起泡开裂大灯掉皮严重,"H81,H220,",2020-09-20,信息审核
524255,比亚迪,速锐,2014款 1.5L 手动 尊贵型,比亚迪速锐空调无暖风厂家无解决,"H101,",2020-09-20,厂家受理
524253,东风雪铁龙,雪铁龙C4L,2013款 1.6THP 自动 劲智版,东风雪铁龙C4L方向盘晃动希望厂家处理,"D265,",2020-09-20,信息审核
524251,广汽本田,雅阁,2018款 2.0L 锐领版 锐·混动 国VI,广汽本田雅阁天窗异响希望厂家处理,"H89,",2020-09-20,厂家受理
524248,东风风行,景逸,2012款 1.5L 手动 尊享型 LV,东风风行景逸车辆尾气无法通过检测,"A114,",2020-09-20,信息审核
524246,长城汽车,哈弗H8,2015款 2.0T 四驱 豪华型 5座,哈弗H8前桥差速器异响希望尽快解决	,"G127,",2020-09-20,厂家受理
524245,BEIJING汽车,绅宝D50,2016款 1.5L CVT 精英版,绅宝D50行驶过程中变速箱出现异响,"B33,",2020-09-20,信息审核
524244,一汽奔腾,奔腾T77,2020款 PRO 280 TID 自动 豪华型,一汽奔腾T77行驶过程中变速箱有异响,"B33,",2020-09-20,信息审核
524243,华晨宝马,宝马3系,2020款 320Li M运动套装,华晨宝马3系4S店不予退还购车订金,"K309,",2020-09-20,信息审核
524241,宝沃汽车,宝沃BX5,2020款 20TGDI 自动 两驱先锋型,宝沃BX5行驶中下坡变速箱脱挡要求解决	,"B246,",2020-09-20,信息审核
524239,长城汽车,哈弗M6,2018款 1.5T DCT 两驱 精英型 改款,哈弗M6天窗框架处出现生锈的现象,"H79,",2020-09-20,厂家受理
524236,一汽-大众,速腾,2018款 280TSI DSG熠动版,一汽大众速腾四条韩泰轮胎开裂严重,"F100,",2020-09-20,信息审核
524232,北京奔驰,奔驰GLC,2020款 改款 GLC 260 L 4MATIC 动感型,北京奔驰GLC行驶中发动机异响售后未解决,"A9,",2020-09-20,信息审核
524229,东风悦达起亚,起亚K3,2016款 1.6L 自动 GLS,东风悦达起亚K3空调压缩机存在有故障,"H101,",2020-09-20,信息审核
524223,一汽-大众奥迪,奥迪A4L,2017款 2.0T 双离合 运动型,一汽大众奥迪A4L车内顶棚渗水存在质量问题,"H109,",2020-09-20,信息审核
524222,奔驰（进口）,奔驰E级（进口）,2010款 1.8T 自动 260 CGI 时尚型,进口奔驰E级车内异味希望厂家处理问题,"H185,",2020-09-20,信息审核
524217,猎豹汽车,猎豹CS9,2017款 1.5L CVT 风尚型,猎豹CS9车载影音系统无法使用希望厂家处理,"H134,H155,",2020-09-20,信息审核
524215,广汽丰田,凯美瑞,2008款 200G 2.0 自动 豪华版,广汽丰田凯美瑞仪表台出油开裂影响使用,"H176,",2020-09-20,信息审核
524212,华晨宝马,宝马5系,2020款 530Li 领先型 豪华套装,华晨宝马5系前挡风玻璃开裂存在质量问题,"H113,",2020-09-20,信息审核
524211,北京现代,现代ix35,2018款 2.0L 自动 两驱 智勇·畅享版,北京现代ix35转向时异响抖动希望厂家处理,"D59,D80,",2020-09-20,信息审核
524209,华晨宝马,宝马3系,2020款 325Li M运动曜夜套装,华晨宝马3系右后门锁块故障存在质量问题,"H197,N318,",2020-09-20,信息审核
524203,一汽-大众,探岳,2019款 330TSI 两驱 豪华型Plus 国VI,一汽大众探岳雨刮器在工作时出现异响,"H60,",2020-09-20,信息审核
524202,一汽-大众奥迪,奥迪A6L,2014款 30 FSI CVT  舒适型,一汽大众奥迪A6L天窗漏水导致驾驶室泡水,"H90,",2020-09-20,信息审核
524200,上汽大众斯柯达,Yeti,2017款 TSI280 DSG 车享兄弟版,斯柯达Yeti车内有严重异味影响身体健康,"H185,",2020-09-20,信息审核
524196,一汽大众,捷达VS7,2020款 1.4T 自动 荣耀型,捷达VS7天窗处有漏水的现象要求解决,"H90,",2020-09-20,信息审核
524195,上汽通用五菱,宝骏530,2018款 1.5T 手动 舒适型 国V,宝骏530原地或行驶过程中转向有异响,"D59,",2020-09-20,厂家受理
524192,奇瑞汽车,瑞虎8,2020款 290TGDI 自动 豪华版,奇瑞瑞虎8车机系统屏幕黑屏无法使用,"H134,",2020-09-20,信息审核
524189,一汽红旗,红旗HS5,2019款 2.0T 智联旗享四驱版,一汽红旗HS5新车安全气囊故障灯亮,"H103,",2020-09-20,信息审核
524187,奔驰（进口）,奔驰GLE,2020款 改款二 GLE 350 4MATIC 时尚型,进口奔驰GLE 4S店加装行车记录仪将线路损坏,"J299,",2020-09-20,信息审核
524186,上汽通用五菱,宝骏530,2020款 1.5T CVT 尊贵互联型 7座,宝骏530安全气囊故障灯亮电子手刹报警,"E159,H103,",2020-09-20,厂家受理
524184,长城汽车,WEY VV5,2020款 1.5T 两驱 颜先锋,WEY VV5厂家不予更改预留的手机号,"I295,",2020-09-20,信息审核
524182,东风日产,奇骏,2014款 2.5L XL CVT 四驱 豪华版,东风日产奇骏变速箱故障导致无法升挡,"B20,",2020-09-20,信息审核
524181,华泰汽车,圣达菲,2015款 1.5T 手动 汽油 两驱豪华版,华泰圣达菲胎压监测损坏无法显示胎压数据,"H203,",2020-09-20,信息审核
524177,一汽丰田,卡罗拉,2017款 1.2T CVT GL,一汽丰田卡罗拉发动机和ESP故障灯亮,"A34,E74,",2020-09-20,信息审核
524176,一汽-大众,速腾,2018款 280TSI DSG熠动版, 一汽大众速腾韩泰轮胎出现开裂的现象,"F100,",2020-09-20,信息审核
524172,一汽红旗,红旗H5,2019款 30TD 型动版,一汽红旗H5车窗无法升降挡风玻璃处起雾,"H93,H67,",2020-09-20,信息审核
524169,长城汽车,WEY VV5,2017款 VV5 超豪型,WEY VV5两前雾灯灯罩有起皮的现象,"H81,H220,",2020-09-20,信息审核
524168,一汽大众,捷达VS7,2020款 1.4T 自动 悦享型,捷达VS7车身漆面过薄而且漆面生锈泛黄,"H79,",2020-09-20,信息审核
524167,一汽-大众,捷达,2019款 1.5L 手动 时尚型 梦想版,一汽大众捷达厂家减配后防撞梁要求处理,"Q350,",2020-09-20,信息审核
524163,长安汽车,长安CS55,2017款 1.5T 自动 炫动型,长安CS55电瓶亏电导致发动机无法启动,"H146,",2020-09-20,信息审核
524162,众泰汽车,众泰E200,2016款 纯电动 三门两座科技版,众泰E200制动失效刹车泵损坏厂家无配件 ,"E29,E196,N318,",2020-09-20,信息审核
524160,一汽-大众奥迪,奥迪A6L,2020款 40 TFSI 豪华致雅型,一汽大众奥迪A6L怠速抖动熄火变速箱无一挡,"A14,A35,B20,",2020-09-20,信息审核
524156,猎豹汽车,猎豹CS9,2018款 1.5T CVT 劲锐型,猎豹CS9中控屏主界面停用无法进行操作,"H134,",2020-09-20,信息审核
524146,一汽-大众,探岳,2019款 330TSI 两驱 豪华型 国Ⅵ,一汽大众探岳大灯亮度低影响行车安全,"H82,",2020-09-20,信息审核
524137,一汽-大众,探岳,2020款 280TSI 两驱 豪华智联版,一汽大众探岳新车发动机启停故障无法解决	,"H263,",2020-09-20,信息审核
524130,东风标致,标致508,2015款 1.6THP 自动 致臻版,东风标致508发动机烧机油越来越严重,"A63,",2020-09-20,信息审核
524129,东风标致,标致408,2014款 1.8L 自动 豪华版,东风标致408发动机烧机油抖动前后桥异响,"A24,A63,G158,",2020-09-20,信息审核
524124,东风标致,标致207,2011款 1.4 手动 驭乐版 两厢,东风标致207行驶时右后轮晃动车身不稳定,"G125,G162,",2020-09-20,信息审核
524117,吉利汽车,缤瑞,2019款 200T DCT 缤致版,吉利缤瑞变速箱顿挫发动机抖动压缩机异响,"A24,B19,H101,H81,H72,H164,",2020-09-20,信息审核
524115,上汽集团,荣威350,2010款 1.5 自动 讯达版 350S,上汽荣威350空调风门翻板断裂导致空调无风,"H101,H168,",2020-09-20,信息审核
524103,广汽丰田,凯美瑞,2007款 240G 豪华版,广汽丰田凯美瑞仪表台出现出油开裂的现象,"H176,",2020-09-19,信息审核
524101,江铃汽车,特顺,2019款 2.8T 商运型 短轴 中顶 3座 国VI JX493,江铃特顺发动机和SVS故障灯多次亮起,"A34,A163,A114,",2020-09-19,信息审核
524099,上汽大众斯柯达,柯迪亚克GT,2019款 TSI330 两驱 豪华版 国VI,斯柯达柯迪亚克GT置换补贴购车一年未发放,"I295,L313,",2020-09-19,信息审核
524098,东风标致,标致308,2018款 1.6L 手动 时尚版,东风标致308座椅前后调节拉杆断裂,"H168,H169,",2020-09-19,信息审核
524097,一汽-大众,宝来,2020款 1.5L 自动 舒适型,一汽大众宝来购车时4S店未给合格证,"O353,",2020-09-19,信息审核
524084,众泰汽车,众泰Z700,2016款 1.8T DCT 典雅型,众泰Z700变速箱顿挫 转向异响4S店退网,"A12,B19,D59,N318,O326,",2020-09-19,信息审核
524080,海马汽车,海马S5,2014款 1.6L 手动 智炫型 5座,海马S5车身生锈严重存在质量问题,"H79,",2020-09-19,信息审核
524079,一汽-大众,速腾,2020款 280TSI DSG 舒适型 国VI,一汽大众速腾变速箱挂挡异响车窗异响,"B33,H72,",2020-09-19,信息审核
524077,一汽-大众,探岳,2019款 330TSI 四驱 豪华型 国Ⅵ,一汽大众探岳天窗玻璃开裂希望厂家处理,"H113,",2020-09-19,信息审核
524069,上汽通用五菱,五菱宏光,2016款 1.5L 舒适型 S 改款,上汽通用五菱宏光变速箱异响要求免费维修,"B33,",2020-09-19,厂家受理
524062,北京现代,现代ix35,2012款 2.0L 自动 两驱 精英版 GLS,北京现代ix35发动机烧机油拉缸希望厂家处理,"A63,A329,",2020-09-19,信息审核
524059,上汽大众,朗逸,2019款 1.5L 自动 风尚版 国VI,上汽大众朗逸松油门异响购车补贴未兑现,"A9,L313,",2020-09-19,信息审核
524056,一汽-大众,探岳,2019款 330TSI 两驱 豪华型 国Ⅵ,一汽大众探岳车灯雾化影响夜间行车,"H82,",2020-09-19,信息审核
524052,东风日产,逍客,2019款 2.0L CVT 豪华版,东风日产逍客仪表提示发动机故障灯亮,"A34,",2020-09-19,信息审核
524048,广汽丰田,凯美瑞,2007款 200G 2.0 NAVI 豪华导航版,广汽丰田凯美瑞仪表台非正常老化黏手反光,"H176,",2020-09-19,信息审核
524046,一汽丰田,威驰,2014款 1.5L 自动 智享版,一汽丰田威驰中控边缘变形异响严重,"H176,H93,",2020-09-19,信息审核
524043,长安马自达,马自达3 昂克赛拉,2020款 1.5L 自动 质美版,长安马自达昂克赛拉中控异响发动机渗油,"A12,H93,",2020-09-19,信息审核
524042,一汽丰田,亚洲龙,2019款 2.5L Touring 尊贵版 国Ⅵ,一汽丰田亚洲龙车内异响严重希望厂家处理,"H164,",2020-09-19,信息审核
524041,猎豹汽车,猎豹CS9,2017款 1.5L 手动 风尚型,猎豹CS9车载互联功能无法使用希望厂家处理,"H134,H155,",2020-09-19,信息审核
524038,北京现代,悦动,2018款 1.6L 自动 悦目版 GL 国VI,北京现代悦动发动机异响厂家未回复处理,"A9,",2020-09-19,信息审核
524034,一汽-大众,高尔夫,2019款 280TSI DSG 舒适型 国V,一汽大众高尔夫韩泰轮胎开裂存在质量问题,"F100,",2020-09-19,信息审核
524033,一汽丰田,奕泽IZOA,2020款 2.0L 奕驰版,一汽丰田奕泽行驶中顶棚或天窗异响,"H164,H89,",2020-09-19,信息审核
524032,上汽大众,途铠,2019款 280TSI DSG 舒适版,上汽大众途铠电瓶亏电 转向机生锈,"H79,H146,",2020-09-19,信息审核
524029,上汽集团,锐腾,2019款 20T 自动 豪华氙灯版,上汽名爵锐腾底盘生锈希望厂家处理问题,"H79,",2020-09-19,厂家受理
524024,一汽-大众,探岳,2019款 330TSI 两驱 豪华型Plus 国VI,一汽大众探岳车灯透镜发白照射效果极差,"H82,",2020-09-19,信息审核
524012,北京奔驰,奔驰GLB,2020款 GLB 200 时尚型,北京奔驰GLB行驶中后排右侧异响严重,"H164,",2020-09-19,信息审核
524010,一汽-大众奥迪,奥迪A4L,2019款 40 TFSI 时尚型 国V,一汽大众奥迪A4L中控变速箱异响严重,"B33,H93,",2020-09-19,信息审核
524004,东风本田,本田CR-V,2019款 240TURBO CVT 两驱 舒适版 国VI,东风本田CR-V机油增多希望厂家处理,"A339,",2020-09-19,厂家受理
523999,奇瑞汽车,捷途X70,2018款 1.5T 手动 悦行版,捷途X70车身漏水多次维修未解决问题,"H101,H109,",2020-09-19,信息审核
523994,长安汽车,逸动XT,2016款 1.6L 自动 俊酷型 XT,长安逸动XT变速箱P挡无故卡死希望厂家处理,"B20,",2020-09-19,信息审核
523984,奇瑞汽车,艾瑞泽5,2016款 1.5L 手动 领锐版,奇瑞艾瑞泽5天窗无法关闭存在质量问题,"H192,",2020-09-19,信息审核
523980,一汽-大众,迈腾,2018款 330TSI DSG 豪华型,一汽大众迈腾打方向盘异响韩泰轮胎开裂,"D59,F100,",2020-09-19,信息审核
523975,一汽丰田,皇冠,2018款 2.0T 时尚版,一汽丰田皇冠转向异响卡死影响安全,"D59,D123,",2020-09-19,信息审核
523974,吉利汽车,帝豪GS,2016款 1.8L 手动 领尚型 优雅版,吉利帝豪GS漆面开裂 厂家不予质保,"H81,",2020-09-19,信息审核
523972,知豆电动车,知豆D2,2017款 D2S,知豆D2行驶过程中变速器自动脱挡要求处理,"B246,",2020-09-19,厂家受理
523971,长城汽车,哈弗H2,2014款 1.5T 手动 两驱精英版 5座,哈弗H2转向机故障希望厂家处理稳问题,"D265,",2020-09-19,厂家受理
523965,东风日产,劲客,2017款 1.5L CVT 智行版,东风日产劲客前挡风玻璃密封胶条严重老化,"H48,",2020-09-19,信息审核
523962,奇瑞汽车,瑞虎8,2020款 290TGDI 自动 精英版 大六座,奇瑞瑞虎8新车发动机盖漆面龟裂质量差,"H81,",2020-09-19,信息审核
523960,东风标致,标致307,2010款 307两厢 2.0 自动 运动版,东风标致307大灯远光无法关闭希望解决,"H110,",2020-09-19,信息审核
523958,上汽大众,途观L,2019款 330TSI 自动 两驱 智动豪华版 国VI,上汽大众途观L发动机1200转共振变速箱啸叫,"A9,B33,B208,",2020-09-19,信息审核
523957,东风本田,杰德,2016款 1.8L 自动 舒适版 5座,东风本田杰德原装导航黑屏死机多次更换,"H21,",2020-09-19,厂家受理
523955,江铃福特,领界,2020款 领界S EcoBoost 145 CVT 铂领型,江铃福特领界销售人员业务不精 态度恶劣,"I293,J299,",2020-09-19,处理反馈
523951,一汽红旗,红旗H5,2019款 30TD 灵动版,一汽红旗H5全款购车4S店不给登记证书,"O353,",2020-09-19,信息审核
523950,广汽乘用车,传祺GS7,2017款 280T 两驱 豪华型,广汽传祺GS7密封条变形剥离存在质量问题,"H48,",2020-09-19,信息审核
523949,一汽-大众奥迪,奥迪A4L,2013款 2.0T 自动 舒适型,一汽大众奥迪A4L CVT变速箱加速迟缓,"B334,",2020-09-19,信息审核
523948,奇瑞汽车,捷途X70,2018款 1.5T 手动 畅行版,捷途X70刹车异响严重希望厂家解决,"E43,",2020-09-19,信息审核
523941,东南汽车,V5菱致,2012款 1.5L 手动 标准型,东南V5菱致车身下边梁生锈严重影响安全,"H79,",2020-09-19,信息审核
523937,一汽-大众,宝来,2018款 1.5L 手动 时尚型,一汽大众宝来油箱盖拉绳断裂质量差,"H168,",2020-09-19,信息审核
523935,东风雪铁龙,雪铁龙C4L,2015款 1.2T 自动 豪华版,东风雪铁龙C4L正时皮带掉渣导致烧机油,"A63,A336,",2020-09-19,信息审核
523934,长城汽车,哈弗H7,2018款 蓝标H7 2.0T 自动 智享型 改款,哈弗H7冷车时变速箱抖动严重希望厂家处理,"B95,",2020-09-19,处理反馈
523932,一汽-大众奥迪,奥迪A6L,2018款 45 TFSI 双离合 quattro 运动型,一汽大众奥迪A6L发动机及后桥异响,"A9,G158,",2020-09-19,信息审核
523931,路虎进口,发现,2020款 3.0 SC V6 SE,进口路虎发现变速箱漏油存在质量问题,"B22,",2020-09-19,信息审核
523915,一汽-大众,高尔夫,2017款 230TSI 自动 舒适百万辆纪念版,一汽大众高尔夫车身抖动启动时异响,"A9,A24,B33,",2020-09-19,信息审核
523913,广汽本田,飞度,2014款 1.5L CVT LX舒适型,广汽本田飞度冷车启动时发动机异响,"A9,",2020-09-19,信息审核
523911,广汽本田,雅阁,2016款 2.0L CVT 精英版,广汽本田雅阁电子手刹异响希望免费更换,"E43,E159,",2020-09-19,厂家受理
523910,北京现代,菲斯塔,2019款 280TGDi 智速版 国VI,北京现代菲斯塔4S店做漆色差大 承诺不兑现,"J303,L314,",2020-09-19,信息审核
523909,东风悦达起亚,起亚K3,2016款 1.6L 自动 GLS,东风悦达起亚K3打方向时存在严重异响,"D59,",2020-09-19,信息审核
523907,东风日产,轩逸,2019款 1.6XV CVT 智联尊享版 国VI,东风日产轩逸发动机异响严重要求解决,"A9,",2020-09-19,信息审核
523903,东风日产,轩逸,2019款 1.6XV CVT 智联尊享版 国VI,东风日产轩逸发动机异响要求厂家解决,"A9,",2020-09-19,信息审核
523895,一汽丰田,RAV4荣放,2020款 2.0L CVT 四驱 风尚版,一汽丰田RAV4荣放置换补贴未兑现故意拖延,"I282,L313,",2020-09-19,信息审核
523894,长安汽车,长安欧尚CX70,2016款 1.6L 手动 豪华型,长安欧尚CX70变速箱尾牙异响存在质量问题,"B33,",2020-09-19,信息审核
523893,一汽-大众,迈腾,2019款 330TSI DSG 豪华型 国VI,一汽大众迈腾故意抬高保费拖车乱收人工费,"K307,K308,",2020-09-19,信息审核
523892,东风日产,楼兰,2017款 2.5L XL 两驱 智尚版,东风日产楼兰发动机共振导致排气管爆裂异响,"H31,",2020-09-19,信息审核
523890,江淮汽车,瑞风M4,2019款 2.0L 手动 商务型 悦享系列 国VI,江淮瑞风M4发动机怠速抖动一直没有解决,"A24,",2020-09-19,信息审核
523885,华晨宝马,宝马3系,2017款 320Li M 运动型,华晨宝马3系汽缸盖平衡罐防冻液软管有缺陷,"A37,",2020-09-19,信息审核
523881,上汽通用五菱,五菱宏光,2010款 1.4 豪华型,上汽通用五菱宏光主驾座椅被内支撑顶破,"H169,",2020-09-19,处理反馈
523878,东风标致,标致408,2013款 2.0 自动 舒适版,东风标致408车内存在严重的沥青味,"H185,",2020-09-19,信息审核
523874,东风标致,标致408,2015款 1.2T 自动 豪华版,东风标致408更换皮带后发动机烧机油,"A63,",2020-09-19,信息审核
523873,上汽大众,朗逸,2019款 两厢 280TSI DSG 豪华版 国VI,上汽大众朗逸发动机高压油泵和变速箱异响,"A9,B33,",2020-09-19,信息审核
523872,东南汽车,东南DX3,2016款 1.5L SRG 手动 尊贵型,东南DX3高速行驶共振严重要求厂家解决,"H268,H15,",2020-09-19,信息审核
523871,长安汽车,睿骋,2014款 1.8T 自动 尊贵周年版 国IV,长安睿骋车内异味 空调制冷效果差,"H79,H185,H101,",2020-09-19,厂家受理
523870,一汽奔腾,奔腾B50,2018款 1.6L 手动 20周年纪念版,一汽奔腾B50方向卡滞难以修正影响安全,"D123,",2020-09-19,信息审核
523865,一汽-大众奥迪,奥迪A4L,2019款 40 TFSI 时尚型 国VI,一汽大众奥迪A4L车机和变速箱异响,"B33,H134,",2020-09-19,信息审核
523862,北京现代,朗动,2015款 1.6L 手动 领先型,北京现代朗动中控黑屏时好时坏无法使用,"H134,",2020-09-19,信息审核
523861,一汽-大众,速腾,2018款 1.6L 自动 舒适型,一汽大众速腾韩泰轮胎出现很多裂纹,"F100,",2020-09-19,信息审核
523858,长城汽车,哈弗H2,2014款 1.5T 手动 两驱精英版 5座,哈弗H2开空调发动机严重异响抖动,"A9,A24,",2020-09-19,厂家受理
523848,北京现代,途胜,2015款 1.6T   双离合 两驱 智能型,北京现代途胜冷车启动抖动熄火后发动机异响,"B33,B95,",2020-09-19,信息审核
523846,广汽丰田,凯美瑞,2011款 200G 2.0 自动 经典周年纪念版,广汽丰田凯美瑞仪表台软化反光出油,"H176,",2020-09-19,信息审核
523842,广汽丰田,凯美瑞,2007款 240G 豪华版,广汽丰田凯美瑞仪表台出油发粘影响用车,"H176,",2020-09-19,信息审核
523840,东风日产,轩逸,2020款 1.6L XL CVT 悦享版,东风日产轩逸新车发动机启停和变速箱故障,"B96,H263,",2020-09-19,信息审核
523837,上汽大众,桑塔纳,2019款 1.5L 手动 风尚版 国VI,上汽大众桑塔纳发动机异响驾驶室特别明显,"A9,",2020-09-19,信息审核
523835,一汽-大众,T-ROC探歌,2020款 280TSI DSG 四驱 舒适型,一汽大众探歌车前测距监控系统传感器无数据,"H170,",2020-09-19,信息审核
523833,上汽大众,朗逸,2015款 230TSI DSG舒适版,上汽大众朗逸胎压监测系统未报警,"H203,",2020-09-19,信息审核
523831,东风日产,天籁,2020款 2.0L XL 舒适版,东风日产天籁减震器异响希望厂家尽快解决,"G52,",2020-09-19,信息审核
523829,上汽大众,朗逸,2019款 1.5L 自动 视野版 国VI,上汽大众朗逸起步时车身底盘有异响,"G56,G125,H15,",2020-09-19,信息审核
523827,上汽大众,途安,2016款 途安L 280TSI 自动 舒适版,上汽大众途安颠簸路行驶发动机及变速箱异响,"A9,B33,",2020-09-19,信息审核
523822,东风日产,天籁,2020款 2.0L XL Upper 智行版,东风日产天籁智联App无法使用 厂家不回复,"H155,I294,",2020-09-19,信息审核
523813,奇瑞新能源,奇瑞eQ1,2019款 小蚂蚁 智享版 4座 30.6kWh,奇瑞eQ1制动系统失灵导致出现事故,"E29,",2020-09-19,厂家受理
523812,奇瑞捷豹路虎,捷豹XFL,2020款 XFL 2.0T P250 四驱 尊享版,奇瑞捷豹路虎XFL后排座椅安全带插口发热,"H118,",2020-09-19,信息审核
523809,广汽本田,飞度,2014款 1.5L CVT LX舒适型,广汽本田飞度启动马达故障导致启动困难,"A44,",2020-09-18,信息审核
523807,东风日产,天籁,2013款 2.0L XL 舒适版,东风日产天籁变速箱加速无力存在质量问题,"B334,",2020-09-18,信息审核
523805,一汽-大众,T-ROC探歌,2019款 230TSI DSG 两驱 进取型 国V,一汽大众探歌转向助力失灵方向机故障,"D57,D265,",2020-09-18,信息审核
523804,奇瑞汽车,捷途X95,2020款 1.6T DCT 征服Pro版 6座,捷途X95变速箱品牌与厂家宣传不符,"M279,N317,",2020-09-18,信息审核
523802,北京现代,领动,2020款 1.4T 双离合 炫动·活力型,北京现代领动右前轮异响 发动机漏油,"A12,G125,",2020-09-18,信息审核
523800,上汽大众斯柯达,柯珞克,2020款 TSI280 智行豪华版 国VI,斯柯达柯珞克变速箱异响 自适应巡航失灵,"B33,F100,H155,H88,H253,",2020-09-18,信息审核
523798,长安汽车,锐程CC,2020款 1.5T 自动 潮锐型,长安锐程CC启动行驶液晶显示屏异响,"H93,",2020-09-18,厂家受理
523796,奇瑞捷豹路虎,揽胜极光,2020款 249PS 青春版,奇瑞捷豹路虎揽胜极光新车底盘异响,"G56,",2020-09-18,信息审核
523795,上汽大众,凌渡,2019款 280TSI DSG 舒适版 国VI,上汽大众凌渡颠簸路面变速箱异响严重失速,"B33,B246,",2020-09-18,信息审核
523794,奇瑞新能源,瑞虎e,2019款 驭享版,奇瑞瑞虎e厂家置换补贴一直未兑现,"L313,",2020-09-18,信息审核
523793,吉利汽车,帝豪GL,2017款 1.3T 自动 尊贵型,吉利帝豪GL保险盒烧毁希望厂家处理问题,"H110,",2020-09-18,信息审核
523791,上汽大众,凌渡,2015款 330TSI DSG 豪华版,上汽大众凌渡内饰异味严重要求厂家处理,"H185,",2020-09-18,信息审核
523788,领克汽车,领克02,2020款 1.5T DCT 两驱 劲Pro版,领克02 4S店临时加价提车要求处理,"K307,",2020-09-18,信息审核
523783,一汽-大众,速腾,2020款 280TSI DSG 舒适型 国VI,一汽大众速腾变速箱加减速及挂倒挡异响,"B33,",2020-09-18,信息审核
523781,东风日产,轩逸,2019款 1.6XV CVT 智联尊享版 国VI,东风日产轩逸刹车时油箱异响明显,"H147,",2020-09-18,信息审核
523780,一汽-大众,探岳,2019款 330TSI 两驱 豪华型 国Ⅵ,一汽大众探岳大灯内有污点亮度不够,"H82,",2020-09-18,信息审核
523779,东风本田,本田XR-V,2017款 1.5L LXi CVT 经典版,东风本田XR-V发动机冷车启动有异响,"A9,",2020-09-18,处理反馈
523778,一汽大众,捷达VS5,2019款 280TSI 自动 荣耀型,捷达VS5发动机出现敲缸异响要求解决,"A9,",2020-09-18,信息审核
523775,上汽大众,途观,2016款 300TSI 自动 四驱 风尚视野版,上汽大众途观低速转弯时耦合器异响,"G127,",2020-09-18,信息审核
523774,广汽本田,飞度,2014款 1.5L CVT SE时尚型,广汽本田飞度车身及车门腐蚀严重 漆面起鼓,"H79,H81,",2020-09-18,信息审核
523773,一汽丰田,RAV4荣放,2018款 2.0L CVT 两驱 风尚X版,一汽丰田RAV4荣放座椅生锈转向及刹车异响,"D59,E43,H79,",2020-09-18,信息审核
523769,上汽大众,Polo,2018款 1.5L 自动 安驾型,上汽大众Polo转向异响希望厂家处理问题,"D59,",2020-09-18,信息审核
523768,奇瑞汽车,瑞虎7,2020款 1.5T 手动 舒适型,奇瑞瑞虎7车身共振 油门踏板振动,"H268,",2020-09-18,信息审核
523767,奇瑞汽车,瑞虎7,2020款 1.5T CVT 精英型,奇瑞瑞虎7经销商用展车当新车销售,"M284,",2020-09-18,信息审核
523765,SWM斯威汽车,SWM斯威X7,2018款 1.8L 手动 豪华互联版 7座,斯威X7变速箱倒挡失灵厂家不提供配件,"B246,N318,",2020-09-18,信息审核
523763,吉利汽车,帝豪GS,2016款 1.3T 手动 领尚型 优雅版,吉利帝豪GS倒车影像摄像头进水希望解决,"H134,",2020-09-18,信息审核
523759,广汽乘用车,传祺GA6,2016款 235T DCT 豪华版,广汽传祺GA6变速箱顿挫 加速时动力中断,"B19,B334,",2020-09-18,信息审核
523758,一汽-大众奥迪,奥迪A6L,2020款 40 TFSI 豪华动感型,一汽大众奥迪A6L变速箱持续产生异响,"B33,",2020-09-18,信息审核
523757,广汽新能源,Aion S(埃安S),2019款 魅Evo 630,广汽新能源Aion埃安S续航里程严重虚标,"M279,",2020-09-18,处理反馈
523756,上汽通用五菱,新宝骏RS-5,2020款 300T CVT 智能旗舰型,新宝骏RS-5制动助力系统故障异响质量差,"E43,",2020-09-18,处理反馈
523754,广汽本田,雅阁,2018款 260TURBO 豪华版 国V,广汽本田雅阁发动机失速要求厂家处理,"A255,",2020-09-18,处理反馈
523753,一汽-大众,速腾,2019款 200TSI DSG 舒适型 国VI,一汽大众速腾LED大灯透镜存在白雾,"H82,",2020-09-18,信息审核
523752,东风日产,天籁,2020款 改款 2.0L XL 舒适版,东风日产天籁油箱异响存在质量问题,"H147,",2020-09-18,信息审核
523749,广汽三菱,欧蓝德,2019款 2.0L 两驱 畅享版 5座 国VI,广汽三菱欧蓝德后排安全带无法抽出,"H118,",2020-09-18,厂家受理
523745,一汽-大众奥迪,奥迪A4L,2019款 40 TFSI 进取型 国V,一汽大众奥迪A4L变速箱异响要求厂家解决,"B33,",2020-09-18,信息审核
523744,长城汽车,WEY VV5,2017款 VV5 旗舰型,WEY VV5延保费用4S店拖延不退还,"I282,L314,",2020-09-18,信息审核
523742,奇瑞汽车,艾瑞泽EX,2019款 1.5L CVT 乐活版 国V,奇瑞艾瑞泽EX车身A柱异响 4S店查不出原因,"H15,H93,",2020-09-18,信息审核
523729,一汽-大众,迈腾,2018款 330TSI DSG 豪华型 改款,一汽大众迈腾玻璃升降过程中异响,"H72,",2020-09-18,信息审核
523728,猎豹汽车,Mattu,2018款 1.6T GDI DCT 尊贵型,猎豹Mattu变速箱无法加速 售后无配件,"B334,N318,",2020-09-18,信息审核
523725,奇瑞汽车,艾瑞泽M7,2015款 1.8L 手动 宽适版 232座,奇瑞艾瑞泽M7两侧车门爆漆锈蚀严重,"H79,H81,",2020-09-18,信息审核
523724,上汽大众,途观L,2019款 改款 330TSI 自动 两驱 智动豪华版 国VI,上汽大众途观L变速箱异响要求尽快解决,"B33,",2020-09-18,信息审核
523719,一汽-大众,探岳,2019款 330TSI 两驱 豪华型Plus 国VI,一汽大众探岳左右两侧车灯发白有手印,"H82,",2020-09-18,信息审核
523716,奇瑞汽车,捷途X70,2018款 1.5T 手动 悦行版,捷途X70车门胶条异响 减震器异响,"G52,G245,H72,",2020-09-18,信息审核
523710,一汽-大众奥迪,奥迪A6L,2020款 40 TFSI 豪华致雅型,一汽大众奥迪A6L新车第二天变速箱抖动,"B95,",2020-09-18,信息审核
523709,广汽丰田,雷凌,2019款 双擎 1.8H E-CVT 运动版 国VI,广汽丰田雷凌转向机过热转向沉4S店未解决,"D156,J298,J301,",2020-09-18,处理反馈
523707,北京现代,途胜,2019款 280TGDi 双离合 两驱 时尚版 国VI,北京现代途胜车漆开裂4S店拒绝维修,"H79,I297,",2020-09-18,信息审核
523706,奇瑞汽车,瑞虎3,2018款 1.6L 手动 豪华型 经典版,奇瑞瑞虎3更换离合器片后变速箱一直漏油,"B22,J300,",2020-09-18,信息审核
523699,星途,星途LX,2019款 1.6T DCT 星耀版,星途LX 99元享受1000元油卡承诺不兑现,"L313,",2020-09-18,信息审核
523698,上汽大众,朗逸,2017款 1.6L 手动 风尚版,上汽大众朗逸行驶中自动解锁 车门自动打开,"H197,",2020-09-18,信息审核
523694,北京现代,名图,2016款 1.8L 自动 智能型GLS,北京现代名图倒车影像模糊希望处理,"H134,",2020-09-18,信息审核
523693,东风标致,标致2008,2014款 1.6L 自动 时尚版,东风标致2008变速箱顿挫掉挡无法加速,"B19,B334,B246,",2020-09-18,信息审核
523692,东风日产,逍客,2016款 2.0L CVT 精英版,东风日产逍客发动机故障灯亮变速箱顿挫,"A34,B19,",2020-09-18,信息审核
523686,一汽-大众奥迪,奥迪Q5L,2020款 40 TFSI 荣享时尚型,一汽大众奥迪Q5L变速箱顿挫异响 四驱故障,"B33,B19,H86,I295,I281,",2020-09-18,信息审核
523683,一汽红旗,红旗H5,2020款 1.8T 自动 智联旗享版,红旗H5新车发现发动机舱内螺丝有拧动痕迹,"M284,",2020-09-18,信息审核
523682,一汽-大众,迈腾,2018款 330TSI 领先型,一汽大众迈腾仪表提示变速箱处于紧急运行状态,"B96,",2020-09-18,处理反馈
523681,长安马自达,马自达CX-5,2020款 2.0L 自动 两驱 智慧型,长安马自达CX-5优科豪马轮胎开裂要求解决,"F100,I297,",2020-09-18,信息审核
523678,华晨宝马,宝马X1,2019款 sDrive20Li 领先型,华晨宝马X1左后轮处异响严重希望处理,"G125,",2020-09-18,信息审核
523676,汉腾汽车,汉腾X5,2018款 1.5T CVT 精英版,汉腾X5冷却液进入发动机水温过高无法行驶,"A191,",2020-09-18,厂家受理
523675,广汽本田,雅阁,2018款 2.0L 锐领版 锐·混动 国V,广汽本田雅阁维修注意事项未提前告知,"O296,",2020-09-18,用户评分
523670,陆风汽车,陆风X5,2016款 1.5T CVT 创享版 Plus,陆风X5变速箱挂前进挡踩油门无法加速,"B334,H146,",2020-09-18,信息审核
523667,东风悦达起亚,起亚KX5,2016款 1.6T 自动 两驱DLX,东风悦达起亚KX5发动机故障灯亮 空调不制冷,"A24,A34,H101,",2020-09-18,信息审核
523666,陆风汽车,陆风X7,2015款 2.0T 全景尊贵版,陆风X7变速箱升挡困难顿挫打滑希望处理,"B19,B20,B69,",2020-09-18,信息审核
523664,上汽大众,朗逸,2019款 1.5L 自动 舒适版 国VI,上汽大众朗逸发动机加速有金属敲击声,"A9,",2020-09-18,信息审核
523659,一汽-大众,宝来,2019款 改款 280TSI DSG 豪华型 国VI,一汽大众宝来冷车低速行驶刹车异响严重,"E43,",2020-09-18,用户评分
523657,吉利汽车,远景X6,2018款 1.8L 手动 4G互联尊贵型,吉利远景X6离合分泵漏油希望尽快处理,"C207,",2020-09-18,信息审核
523656,海马汽车,海马S5青春版,2018款 1.6L CVT 豪华型,海马S5青春版车门边角开裂生锈用料不扎实,"H79,H168,",2020-09-18,信息审核
523654,东风日产,奇骏,2019款 2.0L CVT 舒适版 5座 2WD,东风日产奇骏方向盘左右高度不一致,"D154,",2020-09-18,处理反馈
523653,一汽解放,解放J6P,4.2米高栏,一汽解放J6F后桥断裂导致车辆侧翻,"G230,",2020-09-18,信息审核
523651,奇瑞新能源,瑞虎3xe,2018款 400 畅享版,奇瑞新能源瑞虎3xe备用钥匙无法启动,"H119,I294,",2020-09-18,厂家受理
523645,广汽本田,奥德赛,2019款 2.0L 锐·尊享版,广汽本田奥德赛新车钣金装配工艺太差,"H209,",2020-09-18,用户评分
523644,广汽本田,冠道,2017款 240TURBO CVT 两驱 豪华版,广汽本田冠道车门异响希望尽快解决,"H72,",2020-09-18,处理反馈
523643,广汽丰田,凯美瑞,2015款 2.0G 自动 领先版,广汽丰田凯美瑞前轮左右半轴漏油,"G51,",2020-09-18,处理反馈
523641,上汽大众,朗逸,2018款 280TSI DSG 舒适版 国V,上汽大众朗逸发动机启动后怠速过高,"A35,",2020-09-18,信息审核
523636,华晨宝马,宝马X1,2012款 X1 sDrive18i 2.0 自动 时尚型,华晨宝马X1经销商维修技术差 操作不规范 ,"A24,A14,A114,I295,I293,J299,K307,L314,",2020-09-18,信息审核
523627,一汽-大众奥迪,奥迪Q5L,2020款 45 TFSI 尊享时尚型,一汽大众奥迪Q5L电瓶故障导致无法启动,"H146,",2020-09-18,信息审核
523626,江铃福特,领界,2019款 EcoBoost 145 CVT 铂领型 国V,江铃福特领界底盘左侧异响希望解决,"G56,",2020-09-18,处理反馈
523623,东风日产,逍客,2019款 2.0L CVT 豪华版,东风日产逍客车身漆面脱落而且生锈,"H79,H81,",2020-09-18,处理反馈
523622,东风日产,轩逸,2020款 1.6L XL CVT 悦享版,东风日产轩逸变速箱异响 不提供维修工单,"B33,O324,",2020-09-18,用户评分
523621,上汽大众,途观,2017款 300TSI 自动 两驱 丝绸之路舒适版,上汽大众途观仪表故障灯报警要求解决,"H110,",2020-09-18,信息审核
523620,大运,货车,轻型货车,大运轻型货车电机螺丝松动断裂要求解决,"A145,",2020-09-18,信息审核
523618,北京现代,现代ix25,2015款 1.6L 自动 两驱 时尚型 GS 5座,北京现代ix25 4S店维修未使用原厂配件,"N319,",2020-09-18,信息审核
523614,一汽-大众,速腾,2018款 280TSI DSG熠动版,一汽大众速腾车辆出险4S店维修后电瓶损坏,"J300,",2020-09-18,处理反馈
523613,北京现代,领动,2016款 1.6L 自动 智炫·精英型,北京现代领动转向异响锁死故障灯亮,"D59,D123,D291,",2020-09-18,信息审核
523612,一汽-大众奥迪,奥迪Q3,2018款 30 TFSI 时尚型典藏版,一汽大众奥迪Q3后排座椅靠背褶皱,"H169,",2020-09-18,信息审核
523610,华晨宝马,宝马3系,2020款 325Li M运动套装,华晨宝马3系新车防冻液漏光无法行驶,"A37,",2020-09-18,处理反馈
523609,长安跨越,跨越王X5,2018款 1.5L 标准型 单排 后双轮 标准货箱 DK15C,长安跨越王X5吃胎偏磨影响安全行驶,"G245,",2020-09-18,处理反馈
523604,上汽大众,凌渡,2015款 280TSI DSG 舒适版,上汽大众凌渡变速箱无法加速无法换挡,"B20,B334,",2020-09-18,信息审核
523602,广汽丰田,凯美瑞,2006款 240V 2.4 自动 导航版,广汽丰田凯美瑞中控仪表台出油软化,"H176,",2020-09-18,处理反馈
523600,东风标致,标致3008,2013款 1.6T 自动 THP至尚版,东风标致3008发动机烧机油油表指示不准,"A63,H271,",2020-09-18,用户评分
523599,一汽-大众,探岳,2019款 330TSI 两驱 豪华型 国V,一汽大众探岳大灯发白更换后未解决,"H82,",2020-09-18,用户评分
523590,奇瑞汽车,艾瑞泽5,2017款 1.5L 手动 领潮版,奇瑞艾瑞泽5出保两个月空调压缩机异响,"H101,I297,",2020-09-18,处理反馈
523588,一汽丰田,RAV4荣放,2020款 2.0L CVT 两驱 风尚版,一汽丰田RAV4荣放新车出现系统报警,"M284,",2020-09-18,信息审核
523579,陕汽通家,福家,2014款 电动 厢式运输车 标准型,陕汽通家福家行驶途中蓄电池发生自燃,"H40,I295,",2020-09-18,信息审核
523566,一汽丰田,皇冠,2015款 2.0T 豪华版,一汽丰田皇冠预碰撞系统失灵导致追尾前车,"H170,",2020-09-18,信息审核
523563,一汽吉林,森雅R7,2016款 1.6L 自动 豪华型,一汽森雅R7发动机缺缸启动时异响,"A9,A34,",2020-09-18,信息审核
523562,长城汽车,哈弗H5,2018款 2.0T 手动 四驱 尊贵型 经典版 柴油,哈弗H5发动机无法启动存在质量问题,"A44,J299,",2020-09-18,厂家受理
523560,北京现代,名图,2019款 1.8L 自动 智能型GLS 纪念款 国V,北京现代名图冷车启动发动机异响疑似拉缸,"A9,A329,",2020-09-18,信息审核
523558,广汽讴歌,讴歌CDX,2019款 1.5T 两驱 畅享版,广汽讴歌CDX变速箱漏油顿挫厂家不处理,"B19,B22,",2020-09-18,用户评分
523557,一汽-大众,迈腾,2019款 380TSI DSG 豪华型 国VI,一汽大众迈腾电瓶故障导致无法启动,"E111,H146,",2020-09-18,处理反馈
523556,一汽-大众,速腾,2017款 1.6L 自动 舒适型,一汽大众速腾左前轮速传感器损坏,"H234,",2020-09-18,用户评分
523555,广汽丰田,凯美瑞,2015款 2.0G 自动 领先版,广汽丰田凯美瑞左右两侧半轴防尘套漏油,"G161,",2020-09-18,用户评分
523552,广汽丰田,YARiS L 致炫,2019款 1.5E CVT 魅动版 国VI,广汽丰田致炫行驶中方向盘无法自动回正,"D265,",2020-09-18,处理反馈
523551,一汽-大众奥迪,奥迪Q5L,2018款 40 TFSI 荣享时尚型 国V,一汽大众奥迪Q5L全轮驱动系统故障,"H86,",2020-09-18,信息审核
523548,东风悦达起亚,起亚K3,2019款 1.5L CVT 新锐版,东风悦达起亚K3大灯远近光不亮不予保修,"H82,I297,",2020-09-18,信息审核
523537,东风日产,轩逸,2019款 1.6XL CVT 豪华版 经典,东风日产轩逸变速箱异响低速顿挫,"B33,B19,B95,",2020-09-18,用户评分
523533,一汽-大众,探岳,2020款 330TSI 两驱 豪华智联版,一汽大众探岳前大灯亮度不足影响行驶安全,"H82,",2020-09-18,处理反馈
523531,北京现代,索纳塔九,2015款 1.6T 双离合 GLS智能型,北京现代索纳塔九发动机烧机油4S店不处理,"A63,I295,I294,",2020-09-18,信息审核
523529,一汽-大众,速腾,2019款 200TSI DSG 舒适型 国VI,一汽大众速腾两后车门多次漏水要求解决,"H109,J298,",2020-09-18,处理反馈
523524,东风日产,奇骏,2020款 2.0L XL Premium CVT 2WD 智联尊享版,东风日产奇骏刹车异响 中控屏黑屏,"A24,E43,H134,",2020-09-18,处理反馈
523523,东风标致,标致301,2016款 1.6L 自动 舒适版,东风标致301油表不准 ABS传感器经常损坏,"E74,H78,",2020-09-18,处理反馈
523522,凯翼汽车,凯翼C3R,2016款 1.5L 彩钻版,凯翼C3R变速箱无法换挡导致无法行驶,"B20,",2020-09-18,信息审核
523521,奔驰（进口）,奔驰S级,2012款 S350L 3.5L GrandEdition,进口奔驰S级发动机故障灯亮行驶熄火,"A9,A34,A14,J298,J300,",2020-09-18,信息审核
523520,众泰汽车,众泰Z500,2015款 1.5T 手动 尊贵型,众泰Z500质保期内出现的质量问题不予索赔,"I297,",2020-09-18,信息审核
523519,北汽银翔,幻速S3L,2016款 1.5L 尊贵型,北汽幻速S3L发动机报警 后桥异响 中控失灵,"A34,G158,H134,",2020-09-18,信息审核
523516,上汽大众,凌渡,2015款 280TSI DSG 豪华版,上汽大众凌渡车内有严重刺鼻异味,"H185,",2020-09-18,信息审核
523512,一汽-大众,探岳,2019款 330TSI 两驱 豪华型 国Ⅵ,一汽大众探岳大灯有白雾影响夜间亮度,"H82,",2020-09-18,处理反馈
523509,上汽大众,途观L,2020款 330TSI 自动 两驱 全景舒适版 国VI,上汽大众途观L天窗漏水车门缝隙大,"H90,H149,I295,",2020-09-18,信息审核
523508,广汽丰田,雷凌,2019款 185T CVT 豪华版 国VI,广汽丰田雷凌发动机舱进泥沙希望处理,"Q322,",2020-09-18,处理反馈
523507,东风日产,轩逸,2018款 1.6XV CVT 尊享版,东风日产轩逸两前大灯老化起皮变色,"H220,",2020-09-18,用户评分
523506,上汽大众,朗逸,2017款 1.6L 自动 风尚版,上汽大众朗逸变速器异响严重希望处理,"B33,",2020-09-18,信息审核
523504,东风标致,标致408,2015款 1.2T 自动 豪华版,东风标致408冷车启动发动机故障灯亮,"A34,",2020-09-18,处理反馈
523496,猎豹汽车,猎豹CS9,2017款 1.5L CVT 舒适型,猎豹CS9车机系统停止服务4S店退网无售后,"H155,O348,",2020-09-18,信息审核
523493,上汽大众,朗逸,2019款 280TSI DSG 舒适版 国VI,上汽大众朗逸变速箱异响严重希望处理,"B33,",2020-09-18,信息审核
523492,海马汽车,海马爱尚EV,2019款 爱尚360 领先版,海马爱尚EV中控显示屏不能使用要求解决,"H134,",2020-09-18,信息审核
523489,华晨中华,中华V7,2019款 300T 自动 旗舰型 5座,华晨中华V7车辆远程控制一直无法使用,"A85,H164,H155,",2020-09-18,信息审核
523487,一汽-大众,探岳,2019款 330TSI 两驱 豪华型 国Ⅵ,一汽大众探岳大灯亮度不足要求解决,"H82,",2020-09-18,处理反馈
523486,一汽-大众,速腾,2014款 1.4TSI 自动 时尚型,一汽大众速腾变速箱抖动异响希望处理,"B33,B95,",2020-09-18,处理反馈
523484,北京现代,领动,2016款 1.6L 自动 智炫·精英型,北京现代领动ABS和ESP故障灯报警,"E74,H170,",2020-09-18,信息审核
523483,一汽-大众,迈腾,2019款 330TSI DSG 领先型 国VI,一汽大众迈腾固特异轮胎掉皮厂家拒绝索赔,"F186,I297,",2020-09-18,处理反馈
523482,吉利汽车,帝豪GS,2016款 1.3T 自动 臻尚型 运动版,吉利帝豪GS变速箱换挡异响抖动要求解决,"B33,B95,",2020-09-18,用户评分
523481,长城汽车,风骏5,2017款 2.0T 两驱 欧洲版 柴油 精英型 大双排GW4D20B,长城风骏5发动机连杆掉落打坏缸体,"A128,",2020-09-18,厂家受理
523477,长安汽车,锐程CC,2020款 1.5T 自动 酷锐型,长安锐程CC方向盘转动异响 车机不能升级,"D59,H155,",2020-09-18,用户评分
523476,上汽大众,朗行,2014款 1.4TSI 自动 运动版,上汽大众朗行变速箱损坏挂挡无法行驶,"B334,",2020-09-18,信息审核
523474,一汽丰田,RAV4荣放,2016款 2.0L CVT 两驱 风尚版 国V,一汽丰田RAV4荣放左右半轴防尘套漏油,"G51,",2020-09-18,信息审核
523470,北京现代,菲斯塔,2019款 280TGDi 运动版 国V,北京现代菲斯塔内饰塑料件自然开裂,"H168,",2020-09-18,信息审核
523468,一汽-大众奥迪,奥迪A4L,2019款 40 TFSI 运动型 国VI,一汽大众奥迪A4L低速变速箱异响拖挡,"B33,B69,",2020-09-18,信息审核
523467,广汽本田,飞度,2014款 1.5L CVT LX舒适型,广汽本田飞度发动机冷车启动有打齿声,"A9,",2020-09-18,用户评分
523466,上汽大众,朗逸,2019款 280TSI DSG 舒适版 国VI,上汽大众朗逸变速箱换挡异响顿挫严重,"B33,B19,",2020-09-18,信息审核
523463,奇瑞汽车,瑞虎8,2019款 1.6TGDI 自动 豪华型,奇瑞瑞虎8后排座椅塌陷异响厂家不解决,"H169,I295,",2020-09-18,用户评分
523462,猎豹汽车,猎豹CS9,2017款 1.5L 手动 舒适型,猎豹CS9售后维修无配件需自费解决,"L314,",2020-09-18,信息审核
523461,长城汽车,哈弗H2,2014款 1.5T 手动 两驱精英版 5座,哈弗H2原地打方向异响要求厂家尽快解决,"D59,",2020-09-18,厂家受理
523455,广汽菲克菲亚特,菲翔,2012款 1.4T 自动 劲享版,广汽菲亚特菲翔变速箱失效无法行驶,"B115,",2020-09-18,厂家受理
523452,一汽丰田,RAV4荣放,2020款 2.0L CVT 四驱 风尚版,一汽丰田RAV4荣放前后保险杠有明显色差,"H201,",2020-09-18,信息审核
523446,东风日产,轩逸,2019款 1.6XV CVT 智联尊享版 国V,东风日产轩逸中控屏重启无故关闭,"H134,",2020-09-18,处理反馈
523444,北京现代,领动,2016款 1.6L 自动 智炫·精英型,北京现代领动ABS故障灯与防侧滑故障灯亮,"E74,E62,",2020-09-18,信息审核
523443,一汽-大众,速腾,2018款 280TSI 双离合 舒适型,一汽大众速腾踩油门加速变速箱有异响,"B33,",2020-09-18,处理反馈
523441,北京现代,胜达,2015款 2.0T 自动 两驱 智能型 5座,北京现代胜达车辆定损维修4S店配件未到货,"N318,",2020-09-18,信息审核
523433,一汽-大众,探岳,2019款 330TSI 两驱 豪华型 国V,一汽大众探岳前灯透镜发生白雾影响照明,"H82,N317,",2020-09-18,处理反馈
523432,一汽-大众奥迪,奥迪Q3,2018款 30 TFSI 时尚型 30周年年型,一汽大众奥迪Q3转向与涡轮异响严重,"A9,A189,D59,",2020-09-18,信息审核
523429,吉利汽车,帝豪GS,2018款 1.8L 自动 优雅版 领尚型,吉利帝豪GS起步动力消失 变速箱换挡异响,"A255,B33,",2020-09-18,处理反馈
523427,广汽丰田,汉兰达,2018款 2.0T 四驱 骑士版 7座 国VI,广汽丰田汉兰达加装屏幕与宣传不符,"M279,",2020-09-18,处理反馈
523425,猎豹汽车,猎豹CS9,2017款 1.5L CVT 精英型,猎豹CS9中控系统停止运行影像正常使用,"H155,",2020-09-18,信息审核
523424,猎豹汽车,猎豹CS9,2017款 1.5L CVT 舒适型,猎豹CS9中控显示系统停止运行要求解决,"H155,",2020-09-18,信息审核
523423,上汽大众,凌渡,2015款 280TSI DSG 舒适版,上汽大众凌渡变速箱脱挡 提示故障,"B96,B334,B246,",2020-09-18,信息审核
523422,北京现代,途胜,2015款 1.6T   双离合 两驱 智能型,北京现代途胜召回升级后动力不足油耗高,"A38,A163,A85,B69,O348,",2020-09-18,信息审核
523420,一汽-大众,宝来,2020款 1.5L 手动 舒适型,一汽大众宝来1200-1400转时车身方向盘共振,"H268,",2020-09-18,处理反馈
523414,奇瑞汽车,瑞虎8,2020款 290TGDI 自动 尊贵版,奇瑞瑞虎8大灯盲区过大影响驾驶安全,"Q322,",2020-09-18,处理反馈
523413,保时捷,Macan,2018款 3.0T Macan S,保时捷Macan发动机漏油4S店未经允许维修,"A12,O305,",2020-09-18,信息审核
523409,长城汽车,炮,2020款 2.0T 自动 柴油 四驱 舒适版 GW4D20M,长城炮售后保养未按规定使用全合成机油,"J299,",2020-09-18,厂家受理
523408,东风标致,标致408,2014款 1.8L 自动 豪华版,东风标致408加满油后发动机故障灯亮,"A34,A35,",2020-09-17,处理反馈
523407,比亚迪,比亚迪e5,2018款 450 智联 尊享型,比亚迪e5充电系统故障存在质量问题,"H340,",2020-09-17,处理反馈
523403,比亚迪,比亚迪e5,2016款 300 舒适型,比亚迪e5动力电池衰减严重希望厂家解决,"H343,",2020-09-17,处理反馈
523400,上汽大众,朗逸,2017款 1.6L 自动 舒适版,上汽大众朗逸发动机敲缸存在质量问题,"A18,",2020-09-17,信息审核
523399,北京现代,朗动,2016款 1.6L 自动 尊贵型,北京现代朗动车门内拉手装饰盖腐蚀,"H157,",2020-09-17,信息审核
523395,猎豹汽车,猎豹CS9,2017款 1.5L CVT 风尚型,猎豹CS9系统用户界面停止运行影响使用,"H155,",2020-09-17,信息审核
523394,长城汽车,长城C50,2012款 1.5T 精英型,长城C50车身框架生锈严重存在质量问题,"H79,",2020-09-17,厂家受理
523391,上汽大众,途观,2016款 300TSI 自动 四驱 豪华版,上汽大众途观差速器异响要求厂家解决,"G127,",2020-09-17,处理反馈
523390,长安沃尔沃,沃尔沃S80L,2011款 T4 智尊版,长安沃尔沃S80L变速箱故障灯亮要求处理,"B96,",2020-09-17,信息审核
523386,吉利汽车,远景X3,2020款 1.5L CVT 精英型,吉利远景X3发动机抖动无法加速4S店未解决,"A24,A160,J298,",2020-09-17,处理反馈
523380,上汽大众,凌渡,2019款 230TSI DSG 风尚版 国V,上汽大众凌渡车辆无法启动4S店不予解决,"H110,I295,I293,",2020-09-17,处理反馈
523379,一汽-大众,宝来,2019款 1.5L 手动 时尚型,一汽大众宝来车身漆面起泡后备箱异响,"H81,H168,H68,",2020-09-17,处理反馈
523378,北京奔驰,奔驰GLA,2018款 200 动感型,北京奔驰GLA轮胎吃胎偏磨4S拒绝处理,"G245,",2020-09-17,信息审核
523374,一汽奔腾,奔腾B50,2013款 1.6L 手动 豪华型,奔腾B50车身漆面生锈严重要求解决,"H79,",2020-09-17,信息审核
523373,长城汽车,炮,2019款 2.0T 商用版 手动 四驱 精英型 长箱 GW4C20B 汽油,长城炮四驱行驶时严重异响4S店不予解决,"H86,",2020-09-17,信息审核
523372,北京现代,索纳塔,2020款 380TGDi GS 自动 智享版,北京现代索纳塔启动机故障车辆无法启动,"A44,",2020-09-17,信息审核
523368,长安汽车,长安CS95,2019款 2.0T 四驱 豪华型,长安CS95车道辅助以及网络出现乱码,"H155,H170,",2020-09-17,信息审核
523360,汉腾汽车,汉腾X7,2018款 X7S 2.0T 手动 豪华型,汉腾X7变速箱漏油厂家无法提供配件,"B22,N318,",2020-09-17,厂家受理
523358,奇瑞汽车,捷途X70,2020款 1.5T DCT 畅行版 6座,捷途X70减震器异响更换后未解决,"D265,G52,",2020-09-17,处理反馈
523356,猎豹汽车,猎豹CS9,2017款 1.5L CVT 风尚型,猎豹CS9系统水温过高系统界面停止运行,"A191,H155,",2020-09-17,信息审核
523355,福特（进口）,探险者（进口）,2018款 2.3T 精英版,进口福特探险者前减震器撞击声异响,"G52,",2020-09-17,厂家受理
523348,一汽-大众,迈腾,2017款 330TSI DSG 领先型,一汽大众迈腾变速箱机电单元故障,"B115,",2020-09-17,用户评分
523341,东风日产,骐达TIIDA,2021款 1.6L CVT 智行版,东风日产骐达电瓶亏电 无法启动车辆,"H146,",2020-09-17,处理反馈
523338,SWM斯威汽车,SWM斯威X7,2018款 1.5T 自动 智享互联版 7座,斯威X7变速箱挂挡时顿挫 发动机抖动,"A24,B19,",2020-09-17,处理反馈
523330,一汽丰田,卡罗拉,2019款 双擎 1.8L E-CVT GL-i精英版,一汽丰田卡罗拉车窗升降晃动 车身颠簸异响,"D123,E43,G204,H15,H67,",2020-09-17,信息审核
523326,东风日产,骐达TIIDA,2021款 1.6L CVT 智行版,东风日产骐达电瓶亏电导致无法启动,"H146,",2020-09-17,用户评分
523314,北京现代,领动,2019款 1.4T 双离合 炫动·活力型,北京现代领动保养时经销商刮伤轮毂,"J299,J304,",2020-09-17,信息审核
523308,上汽大众,朗逸,2017款 1.6L 自动 舒适版,上汽大众朗逸车内异味严重影响健康,"H185,",2020-09-17,处理反馈
523307,东风本田,INSPIRE,2019款 260TURBO 精致版 国VI,东风本田INSPIRE方向异响希望得到处理,"D59,",2020-09-17,处理反馈
523299,华晨宝马,宝马X1,2020款 xDrive25Li 尊享型,华晨宝马X1轮胎有补胎痕迹4S店销售问题车,"M284,",2020-09-17,处理反馈
523298,一汽-大众奥迪,奥迪Q5L,2020款 40 TFSI 荣享时尚型,一汽大众奥迪Q5L后座椅下部网关进水,"H109,",2020-09-17,信息审核
523296,长安汽车,长安欧尚A800,2017款 1.5T 手动 尊享型,长安欧尚A800电子风扇保险频繁烧蚀,"H110,",2020-09-17,厂家受理
523294,一汽-大众奥迪,奥迪A4L,2019款 40 TFSI 进取型 国V,一汽大众奥迪A4L变速箱阀体损坏存在隐患,"B84,",2020-09-17,信息审核
523292,福田汽车,欧曼,2008款 BJ4181SLFJA-6 牵引,福田欧曼车架断裂希望厂厂家处理问题,"G230,",2020-09-17,信息审核
523290,猎豹汽车,猎豹CS10,2017款 2.0T 手动 卓越型,猎豹CS10转向机故障4S店拒绝质保,"D59,D265,",2020-09-17,信息审核
523289,一汽-大众,探岳,2019款 330TSI 两驱 舒适型 国Ⅵ,一汽大众探岳大灯不亮希望尽快处理,"H82,",2020-09-17,用户评分
523284,长安马自达,马自达CX-30,2020款 2.0L 自动 领悦型,长安马自达CX-30安全气囊铺助系统故障,"H103,",2020-09-17,信息审核
523278,上汽大众,朗逸,2019款 朗逸启航 1.5L 自动 风尚版 国VI,上汽大众朗逸行驶中发动机支架断裂,"A145,H168,",2020-09-17,用户评分
523277,东风日产,奇骏,2014款 2.5L XL CVT 四驱 豪华版,东风日产奇骏空调漏氟不制冷天窗漏水,"H101,H90,",2020-09-17,处理反馈
523276,一汽-大众奥迪,奥迪Q5,2013款 40 TFSI 自动 技术型,一汽大众奥迪Q5天窗和刹车异响 车内有异味,"E43,H185,H89,",2020-09-17,信息审核
523272,上汽大众,途观L,2019款 改款 330TSI 自动 两驱 智动豪华版 国VI,上汽大众途观L发动机抖动 后排座椅漏水,"A9,A24,H109,",2020-09-17,处理反馈
523270,东风风行,风行T5L,2020款 改款 1.5T 自动 豪华型 7座,东风风行T5L刹车盘磨损4S店置换补贴未兑现,"B19,E239,I295,L313,",2020-09-17,处理反馈
523269,奔驰（进口）,奔驰CLA,2016款 220 4MATIC 改款,进口奔驰CLA变速箱输出轴磨损4S店不保修,"B77,I297,",2020-09-17,信息审核
523268,吉利汽车,熊猫,2009款 1.3L 自动 灵动版,吉利熊猫转向助力突然失效EPS报警,"D156,H170,",2020-09-17,处理反馈
523267,奇瑞汽车,瑞虎8,2020款 290TGDI 自动 豪华版,奇瑞瑞虎8天窗漏水严重要求尽快处理,"H90,",2020-09-17,处理反馈
523266,上汽大众,凌渡,2019款 280TSI DSG 舒适版 国VI,上汽大众凌渡车内异味严重仪表台开裂,"H185,H176,",2020-09-17,用户评分
523263,上汽大众,途铠,2019款 1.5L 自动 舒适版,上汽大众途铠大灯进水要求给予解决,"H88,",2020-09-17,处理反馈
523262,上汽大众,朗逸,2019款 1.5L 自动 舒适版 国VI,上汽大众朗逸厂家赠送积分活动未兑现,"L313,",2020-09-17,用户评分
523261,一汽大众,捷达VA3,2019款 1.5L 手动 进取版,一汽大众捷达VA3电瓶无法正常使用,"H146,",2020-09-17,处理反馈
523260,华晨宝马,宝马3系,2019款 320Li M运动套装,华晨宝马3系发动机异响敲缸厂家拒绝维修,"A9,",2020-09-17,处理反馈
523258,奔驰（进口）,奔驰R级,2017款 R 320 4MATIC 商务型臻藏版,进口奔驰R级方向盘及主驾驶座椅脱皮,"H157,",2020-09-17,信息审核
523256,领克汽车,领克03,2018款 1.5TD DCT 劲Pro版 国V,领克03变速箱异响发动机熄火时异响,"A9,B33,I295,",2020-09-17,处理反馈
523255,奇瑞汽车,艾瑞泽5,2019款 Pro 1.5L 手动 青春版 国VI,奇瑞艾瑞泽5转向与车内异响 强制购买保险,"D59,H164,K325,",2020-09-17,处理反馈
523254,一汽-大众奥迪,奥迪A4L,2017款 2.0T 双离合 运动型 Plus,一汽大众奥迪A4L右前大灯内有雪花状裂纹,"H220,",2020-09-17,信息审核
523249,一汽-大众,T-ROC探歌,2019款 230TSI DSG 两驱 进取型 国V,一汽大众探歌发动机烧机油4S店不处理,"A63,",2020-09-17,处理反馈
523245,宝马（进口）,宝马2系运动旅行车,2015款 218i 领先型,宝马2系运动旅行车配件不齐时间过长,"N318,",2020-09-17,处理反馈
523240,东风启辰,启辰D60,2019款 1.6L XL CVT 智联精英版 国V,启辰D60开启空调内循环时车内有焦味,"H121,",2020-09-17,信息审核
523238,一汽-大众,速腾,2019款 280TSI DSG 舒适型 国VI,一汽大众速腾大灯发白 灯光亮度不足,"H82,",2020-09-17,处理反馈
523237,汉腾汽车,汉腾X7,2018款 X7S 1.5T 自动 尊享型,汉腾X7防冻液渗入发动机内部厂家不予保修,"A191,I297,J303,",2020-09-17,用户评分
523236,上汽大通,上汽大通MAXUS V80,2020款 2.5T 手动 经典城配王 长轴 中顶 2/3座,上汽大通MAXUS V80两前轮胎有吃胎的现象,"G245,",2020-09-17,处理反馈
523232,奇瑞捷豹路虎,捷豹XFL,2020款 XFL 2.0T P200 两驱 精英版,捷豹XFL发动机抖动故障灯亮厂家不予处理,"A24,A34,H168,H149,I295,",2020-09-17,处理反馈
523231,长安汽车,长安CS55 PLUS,2020款 1.5T 自动 炫色型,长安CS55变速箱异响脱挡无法行驶,"B33,B246,",2020-09-17,信息审核
523230,上汽集团,荣威350,2014款 1.5L 手动 迅驰版 350S,上汽荣威350正时链条和齿轮有故障发动机异响,"A9,A44,A45,",2020-09-17,处理反馈
523229,华晨宝马,宝马3系,2013款 328Li 2.0T 自动 时尚型,华晨宝马3系大灯清洗保护盖脱落,"H168,",2020-09-17,处理反馈
523226,吉利汽车,缤瑞,2020款 200T DCT 舒适型,吉利缤瑞刹车异响售后服务品质差,"E43,I293,",2020-09-17,处理反馈
523225,一汽-大众,速腾,2019款 200TSI DSG 舒适型 国VI,一汽大众速腾变速箱异响严重4S店无法解决,"B33,",2020-09-17,处理反馈
523224,奇瑞汽车,瑞虎7,2018款 1.5T 自动 纵享版 FLY款 国VI,奇瑞瑞虎7电瓶损坏导致无法进行充电,"H146,",2020-09-17,处理反馈
523222,吉利汽车,缤瑞,2020款 改款 1.4T CVT 亚运版,吉利缤瑞怠速运转时发动机出现异响,"A9,",2020-09-17,处理反馈
523221,一汽-大众,探岳,2019款 330TSI 两驱 豪华型 国Ⅵ,一汽大众探岳大灯亮度不足影响行车安全,"H82,",2020-09-17,用户评分
523218,华晨宝马,宝马3系,2020款 325Li M运动套装,华晨宝马3系发动机故障灯亮 防冻液泄漏,"A34,A37,A191,",2020-09-17,处理反馈
523216,上汽大众,桑塔纳,2016款 1.6L 手动 风尚版 三厢,上汽大众桑塔纳后桥变形 行驶中跑偏,"G117,G83,",2020-09-17,用户评分
523215,广汽本田,雅阁,2016款 2.0L CVT  舒适版,广汽本田雅阁避震下沉更换后行驶左倾严重,"G204,",2020-09-17,处理反馈
523212,华晨宝马,宝马X1,2018款 sDrive18Li 尊享型,华晨宝马X1普利司通轮胎全部内部开裂,"F100,",2020-09-17,处理反馈
523211,一汽-大众,高尔夫,2015款 1.4TSI 自动 豪华型,一汽大众高尔夫车内异味严重要求厂家解决,"H185,",2020-09-17,处理反馈
523210,吉利汽车,吉利ICON,2020款 300T DCT 银河限量版,吉利ICON水箱框架断裂导致散热器漏防冻液,"A191,H168,I297,",2020-09-17,用户评分
523209,广汽本田,飞度,2014款 1.5L 手动 LX舒适型,广汽本田飞度冷车启动发动机有异响,"A9,",2020-09-17,处理反馈
523207,上汽大众,朗逸,2017款 1.6L 自动 舒适版,上汽大众朗逸4S店不退还保养套餐费用,"I295,I293,K309,",2020-09-17,用户评分
523206,猎豹汽车,猎豹CS9,2017款 1.5L CVT 精英型,猎豹CS9中控液晶屏显示屏停止运作,"H155,",2020-09-17,信息审核
523205,东风日产,逍客,2016款 2.0L CVT 精英版,东风日产逍客变速箱抖动顿挫严重,"B19,B95,",2020-09-17,用户评分
523201,东风标致,标致408,2015款 1.2T 自动 豪华版,东风标致408正时皮带磨损导致发动机故障,"A198,",2020-09-17,处理反馈
523199,东风日产,轩逸,2016款 1.6XL CVT 尊享版,东风日产轩逸车身抖动故障灯亮加速无力,"B96,B334,H268,",2020-09-17,处理反馈
523194,东风雪铁龙,C4世嘉,2018款 1.6L 手动 豪华型,东风雪铁龙C4世嘉发动机烧机油,"A63,",2020-09-17,处理反馈
523177,一汽丰田,卡罗拉,2017款 1.2T CVT GL,一汽丰田卡罗拉轮毂腐蚀4S店不予全部索赔,"H243,I297,",2020-09-17,信息审核
523175,北京现代,朗动,2015款 1.6L 自动 领先型,北京现代朗动中控黑屏死机希望处理,"H134,I297,",2020-09-17,信息审核
523174,一汽丰田,卡罗拉,2017款 1.2T S-CVT GL 改款,一汽丰田卡罗拉行驶过程中车内共振,"H268,",2020-09-17,信息审核
523173,奇瑞新能源,奇瑞eQ,2015款 舒适型,奇瑞eQ动力电池质量问题厂家不予保修,"H343,I297,",2020-09-17,信息审核
523172,奇瑞汽车,捷途X70,2018款 1.5T 自动 悦行版,捷途X70车身生锈 变速箱不换挡 服务网点少,"A85,B20,H79,O326,",2020-09-17,处理反馈
523171,猎豹汽车,猎豹CS9,2017款 1.5L 手动 风尚型,猎豹CS9显示系统用户界面已停止运行,"H155,",2020-09-17,信息审核
523168,广汽三菱,欧蓝德,2019款 2.0L 两驱 畅享版 7座 国VI,广汽三菱欧蓝德发动机抖动 方向盘不回正,"A24,D123,E43,H134,",2020-09-17,厂家受理
523162,一汽-大众,探岳,2019款 330TSI 四驱 豪华型Plus 国VI,一汽大众探岳车灯透镜发白希望厂家处理,"H82,",2020-09-17,处理反馈
523161,长安马自达,马自达3 昂克赛拉,2014款 1.5L 自动 豪华型 三厢,长安马自达昂克赛拉中控偶尔死机黑屏,"H134,",2020-09-17,信息审核
523157,东南汽车,V3菱悦,2012款 1.5 手动 豪华版,东南V3菱悦车身侧裙腐蚀希望得到解决,"H79,H119,",2020-09-17,处理反馈
523152,广汽乘用车,传祺GA6,2019款 270T 自动 尊贵版,广汽传祺GA6厂家至今未发新车希望处理,"L312,",2020-09-17,处理反馈
523151,一汽-大众,速腾,2018款 280TSI DSG熠动版,一汽大众速腾发动机异响希望尽快处理,"A9,",2020-09-17,处理反馈
523149,一汽-大众奥迪,奥迪A4L,2018款 2.0T 进取型 30周年年型,一汽大众奥迪A4L空调不出风希望厂家处理,"H101,H50,",2020-09-17,信息审核
523147,吉利汽车,缤瑞,2018款 14T 手动 缤纷版,吉利缤瑞行驶过程中换挡时变速箱有异响,"B33,",2020-09-17,处理反馈
523146,北京现代,领动,2019款 1.4T 双离合 炫动·活力型,北京现代领动发动机报警 一挡齿轮啮合不良,"A34,B77,",2020-09-17,信息审核
523142,一汽-大众,高尔夫,2015款 1.6L 自动 舒适型,一汽大众高尔夫变速箱故障灯亮要求解决,"B96,",2020-09-17,处理反馈
523141,华晨中华,中华V5,2014款 1.5T 自动 两驱豪华型 5座,华晨中华V5导航显示屏幕黑屏希望处理,"H134,",2020-09-17,信息审核
523137,一汽-大众,T-ROC探歌,2018款 280TSI DSG 两驱 舒适型 国V,一汽大众探歌发动机涡轮增压器连接管漏油,"A12,A189,",2020-09-17,处理反馈
523136,长安马自达,马自达3 昂克赛拉,2019款 云控版 三厢 1.5L 自动 舒适型 国VI,长安马自达昂克赛拉变速箱顿挫遮阳板起皱,"B19,H157,",2020-09-17,信息审核
523135,众泰汽车,芝麻,2018款 eZ 翼享版,众泰芝麻动力电池故障灯亮无法行驶,"H343,N318,",2020-09-17,信息审核
523132,吉利汽车,远景X6,2020款 1.4T CVT 亚运版,吉利远景X6购车不给购车合同赠送保养未兑现,"L313,O353,",2020-09-17,用户评分
523130,上汽大众,途观L,2020款 330TSI 自动 两驱 智动豪华版 国VI,上汽大众途观L后保险杠与翼子板接缝处掉漆,"H81,",2020-09-17,处理反馈
523125,福田汽车,时代领航,2014款 143马力 4.2米单排 栏板 轻卡(万里扬6挡)(BJ1043V9JBA-BG),福田时代领航服务站服务承诺不予兑现,"L314,",2020-09-17,信息审核
523124,奇瑞捷豹路虎,发现神行,2017款 2.0T SE,奇瑞路虎发现神行车架号生锈导致无法拓印,"H79,",2020-09-17,处理反馈
523122,一汽丰田,卡罗拉,2017款 1.8L CVT 精英版 改款 双擎,一汽丰田卡罗拉三元催化器故障4S店不予索赔,"A34,H54,I297,",2020-09-17,信息审核
523120,上汽大众,途观L,2018款 330TSI 自动 两驱 豪华版,上汽大众途观L车身漏水希望厂家处理,"H109,",2020-09-17,处理反馈
523119,猎豹汽车,猎豹CS10,2016款 2.0T 自动 都市型,猎豹CS10变速箱故障车辆无法行驶,"B334,",2020-09-17,信息审核
523118,一汽-大众,探岳,2019款 330TSI 四驱 豪华型 国V,一汽大众探岳车灯亮度不足影响行车安全,"H82,",2020-09-17,处理反馈
523116,东风标致,标致508,2019款 508L 400THP PureTech 驾控版 国VI,东风标致508中控黑屏减震器异响换挡困难,"B20,G52,H134,",2020-09-17,处理反馈
523114,东风日产,骐达TIIDA,2019款 1.6L CVT 智尊版 国Ⅵ,东风日产骐达悬架生锈无人处理解决,"H79,",2020-09-17,处理反馈
523113,一汽-大众奥迪,奥迪Q5L,2018款 40 TFSI 荣享时尚型 国V,一汽大众奥迪Q5L变速箱故障灯亮无法加速,"B96,",2020-09-17,信息审核
523112,上汽大众,途观L,2017款 330TSI 两驱 豪华版,上汽大众途观L车顶处有漏水的现象,"H109,",2020-09-17,用户评分
523111,长城汽车,哈弗M6,2019款 1.5T DCT 两驱 超值版 国VI,哈弗M6转向管柱处有腐蚀生锈的现象,"H79,",2020-09-17,厂家受理
523110,广汽本田,飞度,2014款 1.5L CVT SE时尚型,广汽本田飞度冷启动时发动机有异响,"A9,",2020-09-17,处理反馈
523108,猎豹汽车,猎豹CS9,2017款 1.5L CVT 精英型,猎豹CS9显示系统用户界面已停止运行,"H134,H155,",2020-09-17,信息审核
523107,吉利汽车,帝豪GS,2019款 1.4T CVT 雅,吉利帝豪GS涡轮增压器损坏厂家和4S店推诿,"A189,I281,",2020-09-17,处理反馈
523103,长安马自达,马自达3 昂克赛拉,2016款 1.5L 自动 舒适型 三厢,长安马自达昂克赛拉仪表盘饰板掉漆,"H81,",2020-09-17,信息审核
523099,奇瑞汽车,艾瑞泽5,2016款 1.5L 手动 领锐版,奇瑞艾瑞泽5颠簸路段行驶天窗异响,"H89,",2020-09-17,处理反馈
523097,东南汽车,东南DX3新能源,2018款 EV400 旗舰版,东南DX3新能源车辆遥控开闭锁失灵,"H197,",2020-09-17,用户评分
523090,广汽丰田,凯美瑞,2008款 240G 2.4 自动 豪华版,广汽丰田凯美瑞仪表台严重出油开裂,"H176,",2020-09-17,处理反馈
523089,长安汽车,悦翔V5,2012款 1.5L 手动 梦幻型 国IV,长安悦翔V5电路故障行驶中断电 轮毂变形,"H243,H110,",2020-09-17,处理反馈
523087,上汽大众,途观L,2017款 330TSI 两驱 豪华版,上汽大众途观L车内引擎盖开关漏水,"H109,",2020-09-17,处理反馈
523086,猎豹汽车,猎豹CS9,2017款 1.5L 手动 舒适型,猎豹CS9车机系统停止运作要求尽快解决,"H155,O326,",2020-09-17,信息审核
523085,奇瑞汽车,艾瑞泽5,2017款 1.5L 手动 豪华版,奇瑞艾瑞泽5车身生锈严重4S店不予处理,"H79,I295,",2020-09-17,用户评分
523083,东风本田,INSPIRE,2019款 260TURBO 精致版 国VI,东风本田INSPIRE全景天窗和中控台异响,"H93,H89,",2020-09-17,处理反馈
523081,华晨中华,中华V7,2019款 300T 自动 尊贵型 5座,华晨中华V7发动机故障灯亮 安全带无配件,"A34,H118,N318,",2020-09-17,信息审核
523076,东风悦达起亚,起亚K3,2016款 1.6L 自动 GL,东风悦达起亚K3刹车异响 制动距离较长,"E43,E269,",2020-09-17,处理反馈
523074,吉利汽车,帝豪GL,2018款 1.4T 自动 尊贵智联型,吉利帝豪GL左后尾灯进水导致烧蚀,"H88,",2020-09-17,处理反馈
523071,上汽大众,凌渡,2019款 280TSI DSG 舒适版 国V,上汽大众凌渡车内异味严重无法解决,"H185,",2020-09-17,处理反馈
523069,长安汽车,悦翔,2009款 1.5 手动 豪华型 三厢,长安悦翔车漆鼓包 车身严重生锈,"H79,H81,",2020-09-17,处理反馈
523065,一汽-大众奥迪,奥迪A3,2018款 Limousine 1.4T 运动型 30周年年型,一汽大众奥迪A3车窗升降时异响刹车异响,"A9,A24,B33,E43,H67,H289,I295,",2020-09-17,信息审核
523058,一汽-大众奥迪,奥迪A6L,2019款 45 TFSI quattro 臻选致雅型,一汽大众奥迪A6L行驶中发动机熄火,"A14,",2020-09-17,信息审核
523053,东风雪铁龙,爱丽舍,2014款 1.6L 手动 舒适型,东风雪铁龙爱丽舍电瓶亏电后ABS灯报警,"E74,",2020-09-17,处理反馈
523050,东风本田,本田XR-V,2015款 1.5L LXi CVT经典版,东风本田XR-V发动机冷启动异响希望处理,"A9,",2020-09-17,处理反馈
523048,汉腾汽车,汉腾X5,2018款 1.5T CVT 豪华版,汉腾X5多个故障灯亮 手刹失灵 电瓶亏电,"A34,E159,H146,",2020-09-17,处理反馈
523046,北京现代,名图,2017款 1.8L 自动 尊贵型 DLX 国V,北京现代名图侧滑故障灯亮 方向盘自动右偏,"D154,H170,",2020-09-17,信息审核
523044,东风标致,标致308S,2015款 1.2T 自动 劲驰版,东风标致308S行驶中出现STOP故障灯,"A34,",2020-09-17,处理反馈
523043,奇瑞汽车,艾瑞泽EX,2019款 1.5L 手动 自在版 国V,奇瑞艾瑞泽EX离合器踏板起步时抖动严重,"C87,",2020-09-17,处理反馈
523042,北京现代,领动,2019款 1.4T 双离合 炫动·活力型,北京现代领动离合器变速箱异响频繁无倒挡,"B33,B246,C65,",2020-09-17,信息审核
523041,东风日产,天籁,2020款 2.0T XL Upper AD1 智享领航版,东风日产天籁智联APP无法使用要求解决,"H155,",2020-09-17,处理反馈
523040,比亚迪,速锐,2012款 1.5TID 自动 舒适型,比亚迪速锐变速箱升级后顿挫异响抖动,"B33,B19,B95,O348,",2020-09-17,用户评分
523036,一汽-大众,探岳,2019款 330TSI 两驱 豪华型 国Ⅵ,一汽大众探岳低速行驶时变速箱异响顿挫,"B33,B19,",2020-09-16,用户评分
523035,一汽-大众奥迪,奥迪A6L,2020款 45 TFSI 臻选致雅型,一汽大众奥迪A6L变速箱倒车时异响,"B33,",2020-09-16,信息审核
523033,上汽大众,途观L,2019款 380TSI 自动 四驱 智动豪华版 国VI,上汽大众途观L雷达误报警导致主动刹车触发,"H170,",2020-09-16,用户评分
523029,一汽-大众奥迪,奥迪Q3,2020款 40 TFSI 时尚动感型,一汽大众奥迪Q3车顶天窗漏水存在质量问题,"H90,",2020-09-16,信息审核
523028,吉利汽车,帝豪GS,2016款 1.3T 自动 领尚型 运动版,吉利帝豪GS车身生锈严重要求尽快解决,"H79,",2020-09-16,用户评分
523025,一汽-大众,探岳,2019款 330TSI 两驱 豪华型 国Ⅵ,一汽大众探岳车灯不亮严重影响驾驶安全,"H82,",2020-09-16,处理反馈
523022,广汽丰田,凯美瑞,2019款 2.5G 豪华版 国V,广汽丰田凯美瑞车窗升降异响外侧挂水,"H72,",2020-09-16,处理反馈
523018,时风风驰1800,风驰1800,轻型自卸,时风风驰1800发动机故障灯常亮加速无力,"A34,A160,E196,G56,G105,H202,I295,I281,",2020-09-16,信息审核
523017,上汽大众,途岳,2020款 280TSI 两驱 豪华版 国VI,上汽大众途岳厂家售车赠送保养不兑现,"L313,",2020-09-16,用户评分
523016,江铃福特,领界,2019款 EcoBoost 145 CVT 铂领型 国VI,江铃福特领界变速箱无法加速顿挫电瓶亏电,"B19,B96,B334,F41,H146,H82,",2020-09-16,处理反馈
523014,上汽大众,途观,2016款 300TSI 自动 四驱 豪华版,上汽大众途观差速器异响要求给予处理,"G127,J298,",2020-09-16,处理反馈
523011,广汽本田,雅阁,2018款 260TURBO 精英版 国VI,广汽本田雅阁电子手刹异响4S店无法解决,"E43,E159,I295,",2020-09-16,处理反馈
523008,吉利汽车,帝豪GS,2018款 1.8L 自动 运动版 领尚型,吉利帝豪GS车身多处生锈变速箱顿挫,"B19,G56,H79,H93,",2020-09-16,处理反馈
523005,广汽本田,雅阁,2018款 2.0L 锐领版 锐·混动 国V,广汽本田雅阁轮胎偏磨要求厂家给予解决,"G245,G210,I295,",2020-09-16,用户评分
523004,众泰汽车,众泰T700,2017款 1.8T 双离合 尊享型,众泰T700刹车阻力大无法联系售后服务,"E43,E196,O326,",2020-09-16,信息审核
523001,众泰汽车,众泰E200,2018款 飞鱼座,众泰E200动力电池失去动力要求厂家解决,"H343,",2020-09-16,信息审核
523000,长安马自达,马自达3 昂克赛拉,2020款 2.0L 自动 质雅版,长安马自达昂克赛拉发动机异响变速箱顿挫,"A9,H15,H93,I295,I293,I281,J300,N319,N321,O305,",2020-09-16,处理反馈
522998,一汽-大众奥迪,奥迪Q5L,2020款 40 TFSI 荣享时尚型,一汽大众奥迪Q5L中控主机有电流声,"H134,",2020-09-16,信息审核
522997,一汽-大众,探岳,2019款 330TSI 两驱 豪华型 国Ⅵ,一汽大众探岳大灯夜间亮度不足影响安全,"H82,",2020-09-16,用户评分
522996,上汽大众,朗逸,2013款 1.6L 手动 风尚版,上汽大众朗逸发动机怠速运转时抖动,"A35,",2020-09-16,处理反馈
522995,一汽大众,捷达VS7,2020款 1.4T 自动 荣耀型,捷达VS7玲珑轮胎开裂 刹车时出现异响,"E43,F100,",2020-09-16,用户评分
522994,一汽-大众,速腾,2017款 1.6L 自动 舒适型,一汽大众速腾两前车门掉漆密封条开裂,"H81,H48,",2020-09-16,处理反馈
522992,奔驰（进口）,奔驰E级（进口）,2020款 E 260 运动版,进口奔驰E级刹车盘出现裂纹要求处理,"E239,",2020-09-16,信息审核
522991,江淮汽车,瑞风S3,2016款 1.5L CVT 豪华智能尊享版,江淮瑞风S3保险理赔后4S店未更换车门,"N321,",2020-09-16,处理反馈
522990,一汽大众,捷达VS5,2019款 280TSI 自动 进取型,捷达VS5刹车时有异响 涡轮增压器生锈,"E43,G204,H109,",2020-09-16,处理反馈
522989,上汽大众,途岳,2020款 280TSI 两驱 风尚版 国VI,上汽大众途岳行驶过程中变速箱有异响,"B33,",2020-09-16,处理反馈
522987,一汽吉林,森雅R9,2018款 1.2T 自动 舒适智炫型,一汽吉林森雅R9启动机故障发动机故障灯亮,"A34,A44,",2020-09-16,信息审核
522986,一汽奔腾,奔腾X40,2017款 1.6L 自动 豪华型,一汽奔腾X40发动机抖动故障灯亮四缸缸压低,"A24,A34,",2020-09-16,厂家受理
522984,广汽丰田,凯美瑞,2007款 200E 2.0 自动 精英版,广汽丰田凯美瑞仪表台老化破裂出油严重,"H176,",2020-09-16,处理反馈
522983,奇瑞汽车,东方之子cross,2009款 2.0L 手动 舒适型,奇瑞东方之子cross厂家不出示更换车架证明,"L314,",2020-09-16,处理反馈
522979,上汽大通,上汽大通MAXUS T60,2019款 2.4L 汽油 手动 四驱 高底盘 先锋版 标厢,上汽大通MAXUS T60厂家服务承诺不兑现,"L314,",2020-09-16,处理反馈
522978,领克汽车,领克01,2017款 2.0T 自动 两驱 型 Pro,领克01行驶时刹车有异响 变速箱顿挫,"B19,E43,",2020-09-16,处理反馈
522972,东风标致,标致5008,2017款 380THP 无界版 7座,东风标致5008发动机烧机油4S店不处理,"A63,",2020-09-16,处理反馈
522962,上汽大众,途观L,2017款 380TSI 四驱 旗舰版,上汽大众途观L变速箱机电单元故障,"B115,",2020-09-16,处理反馈
522958,一汽-大众奥迪,奥迪A3,2016款 Sportback 1.4T 双离合 风尚型,一汽大众奥迪A3刹车异响 显示屏无法弹出,"E43,H134,",2020-09-16,信息审核
522957,领克汽车,领克03,2019款 1.5TD DCT 劲Pro版 国VI,领克03启动后故障灯全亮无法行驶,"B96,",2020-09-16,用户评分
522956,东风裕隆,U5 SUV,2017款 1.6L CVT 爵士版,纳智捷U5 SUV行驶中方向盘突然锁死,"D57,D291,",2020-09-16,处理反馈
522955,吉利汽车,博瑞,2018款 MHEV 耀享版,吉利博瑞车身焊点开焊多次维修出现异响,"H168,",2020-09-16,处理反馈
522954,一汽大众,捷达VS5,2019款 280TSI 自动 进取型,一汽大众捷达VS5轮胎开裂刹车异响,"E43,F100,",2020-09-16,处理反馈
522951,上汽大众,途观L,2018款 330TSI 自动 两驱 豪华版,上汽大众途观L电瓶故障导致无法启动,"H146,",2020-09-16,处理反馈
522950,长安马自达,马自达3 昂克赛拉,2014款 1.5L 自动 豪华型 三厢,长安马自达昂克赛拉仪表盘掉漆严重,"H81,",2020-09-16,处理反馈
522948,一汽大众,捷达VS5,2019款 280TSI 自动 悦享型,捷达VS5仪表台有异响希望厂家处理,"H93,",2020-09-16,处理反馈
522946,吉利汽车,博瑞,2017款 1.8T 舒适型,吉利博瑞发动机VVT阀故障灯亮有异响,"A9,A34,",2020-09-16,用户评分
522945,广汽本田,凌派,2019款 180Turbo CVT 舒适版 国V,广汽本田凌派发动机故障灯亮希望厂家处理,"A34,",2020-09-16,处理反馈
522944,广汽三菱,欧蓝德,2019款 2.0L 两驱 畅享版 5座 国VI,广汽三菱欧蓝德ECU升级后沉闷无力,"A9,B33,O348,",2020-09-16,厂家受理
522943,知豆电动车,知豆D1,2016款 标准型,知豆1动力电池故障希望厂家处理问题,"H343,",2020-09-16,厂家受理
522942,一汽-大众,探岳,2019款 征途版 280TSI 两驱 豪华型 国Ⅵ,一汽大众探岳发动机故障灯亮希望厂家处理,"A34,",2020-09-16,用户评分
522941,东风乘用车,风神AX7,2015款 2.0L 手动 阅兵版 5座,东风风神AX7车机互联无法使用希望厂家处理,"H155,",2020-09-16,处理反馈
522940,东风日产,轩逸,2019款 1.6XE CVT 舒适版 经典,东风日产轩逸前减震螺丝生锈严重,"H79,",2020-09-16,处理反馈
522935,北京现代,领动,2016款 1.6L 自动 智炫·精英型,北京现代伊兰特方向跑偏发动机噪音大,"A38,G117,",2020-09-16,处理反馈
522934,华晨宝马,宝马1系,2020款 120i M运动套装,华晨宝马1系交了订金后提不到车且不退款,"K309,L312,",2020-09-16,处理反馈
522924,长安汽车,长安CS85 COUPE,2019款 2.0T 自动 动版 国V,长安CS85 COUPE自动熄火 提示未挂入P挡,"A14,B20,",2020-09-16,信息审核
522923,一汽-大众,速腾,2018款 280TSI DSG熠动版,一汽大众速腾韩泰轮胎多处开裂影响安全,"F100,",2020-09-16,处理反馈
522922,上汽大众,途岳,2020款 280TSI 两驱 旗舰版 国VI,上汽大众途岳经销商赠送保养缺少一次,"L313,",2020-09-16,用户评分
522921,东风日产,轩逸,2019款 1.6XE CVT 舒适版 经典,东风日产轩逸车灯内部龟裂影响照明,"H220,",2020-09-16,处理反馈
522920,东风乘用车,奕炫,2020款 230T 自动 炫目版,东风风神奕炫经销商外包维修 态度蛮横,"I295,I293,J303,",2020-09-16,用户评分
522919,东风日产,蓝鸟,2019款 1.6L CVT 智联智酷版 国VI,东风日产蓝鸟新车变速箱异响顿挫故障灯亮,"B33,B19,B96,",2020-09-16,处理反馈
522917,东风日产,轩逸,2019款 1.6XV CVT 智联尊享版 国V,东风日产轩逸空调制冷效果差4S店不处理,"H101,",2020-09-16,处理反馈
522915,猎豹汽车,Mattu,2018款 1.6T GDI DCT 尊贵型,猎豹Mattu发动机故障灯报警无动力输出,"A34,A255,H170,",2020-09-16,信息审核
522913,猎豹汽车,Mattu,2018款 1.6T GDI DCT 尊贵型,猎豹Mattu发动机故障 变速箱无动力输出,"A34,B334,H170,",2020-09-16,信息审核
522906,沃尔沃亚太,沃尔沃S60,2020款 T4 智逸豪华版,亚太沃尔沃S60打方向异响维修多次未解决,"D59,J298,",2020-09-16,信息审核
522904,东风悦达起亚,起亚KX5,2016款 2.0L 自动 两驱Premium,东风悦达起亚K5左轮ABS传感器故障,"E74,E62,",2020-09-16,处理反馈
522903,东风乘用车,风神AX4,2018款 1.6L DCT 潮尚型 天窗版,东风风神AX4刹车盘生锈严重要求解决,"E42,",2020-09-16,处理反馈
522902,华晨宝马,宝马X2,2020款 sDrive25i 领先型M越野套装,华晨宝马X2驻车制动系统失效要求解决,"E159,",2020-09-16,处理反馈
522901,东风标致,标致3008,2013款 1.6T 自动 THP至尚版,东风标致3008喷油嘴故障 气囊与ABS报警,"A53,E74,H103,",2020-09-16,用户评分
522899,一汽-大众奥迪,奥迪A3,2020款 Limousine 35 TFSI 进取型 国VI,一汽大众奥迪A3行驶3920公里韩泰轮胎掉皮,"F186,",2020-09-16,信息审核
522897,江铃汽车,驭胜S350,2014款 2.4T  自动  两驱 柴油 豪华天窗版 5座,江铃驭胜S350车身锈蚀希望厂家处理,"H79,",2020-09-16,信息审核
522896,吉利汽车,博瑞,2018款 1.8T 尊尚智领版,吉利博瑞车门多处生锈存在质量问题,"H79,",2020-09-16,处理反馈
522895,江铃福特,领界,2019款 EcoBoost 145 CVT 尊领型 国V,长安福特领界颠簸时减震与天窗异响,"G52,H89,",2020-09-16,用户评分
522894,一汽丰田,卡罗拉,2017款 1.2T S-CVT GL-i 改款,一汽丰田卡罗拉发动机冷启动异响,"A9,",2020-09-16,信息审核
522889,一汽-大众,探岳,2019款 330TSI 两驱 豪华型 国Ⅵ,一汽大众探岳大灯亮度不足4S店不予保修,"H82,I297,",2020-09-16,处理反馈
522887,上汽集团,名爵3,2014款 1.3L 手动 舒适版,上汽名爵3正时链条拉长跳齿售后不予质保,"A45,",2020-09-16,处理反馈
522884,长城汽车,哈弗H2,2018款 1.5T 双离合 两驱 豪华型 蓝标,哈弗H2行驶过程中疑似半轴异响,"G204,",2020-09-16,处理反馈
522881,奇瑞捷豹路虎,发现运动版,2020款 249PS R-Dynamic SE 性能科技版 7座,路虎发现运动版新车底盘异响要求给予解决,"G56,G210,",2020-09-16,处理反馈
522880,长城汽车,哈弗F5,2018款 1.5T i潮版,哈弗F5变速箱底部漏油存在质量问题,"B22,",2020-09-16,处理反馈
522879,一汽-大众,迈腾,2010款 1.4TSI 精英型,一汽大众迈腾飞轮出现生锈希望厂家质保,"H79,",2020-09-16,处理反馈
522878,一汽-大众,T-ROC探歌,2019款 280TSI DSG 两驱 进取型 国VI,一汽大众探歌变速箱异响希望厂家处理,"B33,",2020-09-16,处理反馈
522876,广汽本田,雅阁,2018款 260TURBO 精英版 国V,广汽本田雅阁变速箱漏油 车内多处异响,"B22,H164,",2020-09-16,处理反馈
522872,北京现代,领动,2019款 1.4T 双离合 炫动·活力型,北京现代领动新车大灯起雾前杠有喷漆痕迹,"H88,I295,M284,",2020-09-16,处理反馈
522871,一汽-大众,高尔夫,2018款 230TSI 手动 舒适型,一汽大众高尔夫韩泰轮胎开裂老化严重,"F100,",2020-09-16,用户评分
522868,广汽丰田,凯美瑞,2012款 凯美瑞·尊瑞 2.5 HG 自动 豪华版,广汽丰田凯美瑞混合动力系统故障无法加速,"H343,",2020-09-16,处理反馈
522867,东风日产,轩逸,2016款 1.6XV CVT 智享版,东风日产轩逸变速箱打滑顿挫希望厂家质保,"B19,",2020-09-16,处理反馈
522866,东风标致,标致408,2015款 1.2T 自动 豪华版,东风标致408发动机烧机油存在质量问题,"A63,",2020-09-16,处理反馈
522860,北京奔驰,奔驰GLK,2013款 300 4MATIC 动感天窗型,北京奔驰GLK分动箱存在设计缺陷,"Q322,",2020-09-16,信息审核
522859,一汽-大众,探影,2020款 1.5L 自动 尚,一汽大众探影发动机无法启动故障灯亮,"A24,A34,D59,E43,H271,",2020-09-16,处理反馈
522858,福特（进口）,探险者（进口）,2017款 2.3T 精英版,进口福特探险者韩泰轮胎起皮4S店拒绝索赔,"F186,I297,",2020-09-16,厂家受理
522855,长安汽车,悦翔V7,2015款 1.6L 手动 乐动型 国V,长安悦翔V7挡把脱皮希望得到处理,"B184,",2020-09-16,处理反馈
522854,一汽-大众,高尔夫,2018款 1.6L 自动 舒适型,一汽大众高尔夫天窗漏水影响车辆使用,"H90,",2020-09-16,处理反馈
522852,上汽大众,途安,2016款 途安L 280TSI 自动 舒雅版,上汽大众途安喷油嘴螺丝脱落希望处理,"A53,",2020-09-16,处理反馈
522848,众泰汽车,大迈X7,2017款 1.8T DCT 豪华型,众泰大迈X7大灯损坏 发动机无法启动,"A44,D265,G52,H82,",2020-09-16,信息审核
522843,吉利汽车,帝豪GL,2017款 1.3T 自动 精英型,吉利帝豪GL变速箱挂倒挡异响要求尽快处理,"B33,",2020-09-16,处理反馈
522842,星途,星途LX,2019款 1.6T DCT 星睿版,星途LX购车礼品至今未兑现要求尽快解决,"L313,",2020-09-16,信息审核
522839,一汽-大众,速腾,2015款 1.6L  手动 舒适型,一汽大众速腾ABS传感器故障导致故障灯亮,"B19,E74,",2020-09-16,处理反馈
522837,奇瑞汽车,瑞虎7,2017款 1.5T 自动 豪华版 SPORT,奇瑞瑞虎7副驾驶室右前门升降器钢绳断裂,"H168,",2020-09-16,处理反馈
522836,猎豹汽车,猎豹CS9,2017款 1.5L 手动 风尚型,猎豹CS9车联网无法使用中控屏停止运作,"H155,L313,",2020-09-16,信息审核
522835,众泰汽车,众泰T500,2018款 1.5T 自动 智能互联尊贵型 5座,众泰T500车辆碰撞严重但气囊未弹出,"H55,",2020-09-16,信息审核
522833,北京现代,索纳塔九,2015款 1.6T 双离合 GLS智能型,北京现代索纳塔九行驶时变速箱抖动有异响,"B33,B95,",2020-09-16,处理反馈
522830,东风标致,标致308,2012款 2.0 自动 风尚型,东风标致308变速箱顿挫 故障灯闪烁,"B19,B96,",2020-09-16,处理反馈
522824,吉利汽车,博瑞,2020款 改款 1.8T 领航版,吉利博瑞起步刹车转弯时油箱异响,"H147,",2020-09-16,处理反馈
522823,上汽大众,朗逸,2019款 280TSI DSG 舒适版 国VI,上汽大众朗逸雨刮在间歇挡时继电器噪音过大,"H60,",2020-09-16,处理反馈
522821,奇瑞汽车,瑞虎7,2018款 1.5T 自动 精英版 国V,奇瑞瑞虎7烧机油 座椅生锈中控内部生锈,"A63,H79,",2020-09-16,厂家受理
522820,猎豹汽车,猎豹CS9,2017款 1.5L CVT 风尚型,猎豹CS9发动机水温高 多次维修未解决,"A191,",2020-09-16,信息审核
522819,奇瑞汽车,瑞虎7,2018款 1.5T 手动 精英领先版 国V,奇瑞瑞虎7空调压缩机异响要求厂家解决,"H101,",2020-09-16,用户评分
522817,上汽大众斯柯达,柯迪亚克,2017款 TSI380 四驱 旗舰版 7座,斯柯达柯迪亚克主动刹车失灵要求尽快解决,"H170,",2020-09-16,处理反馈
522812,一汽-大众,探岳,2019款 330TSI 两驱 豪华型Plus 国VI,一汽大众探岳两前大灯亮度不足呈白雾色,"H82,",2020-09-16,处理反馈
522811,一汽-大众,宝来,2018款 1.5L 手动 时尚型,一汽大众宝来胎压监测无故多次报警,"H203,",2020-09-16,处理反馈
522810,华晨宝马,宝马5系新能源,2020款 530Le 里程升级版 豪华套装,华晨宝马5系新能源刹车软无法查出原因,"E269,",2020-09-16,处理反馈
522809,上汽大众,途观,2016款 300TSI 自动 两驱 风尚版,上汽大众途观变速箱中冷器油管摩擦破裂,"B22,",2020-09-16,处理反馈
522804,广汽丰田,凯美瑞,2007款 240G 2.4 NAVI 豪华导航版,广汽丰田凯美瑞仪表台粘手老化希望处理,"H176,",2020-09-16,处理反馈
522802,众泰汽车,众泰E200,2018款 Pro,众泰E200行驶中失去动力要求厂家解决,"A346,",2020-09-16,信息审核
522800,一汽红旗,红旗H5,2018款 30TD 智联韵动版,一汽红旗H5油门延迟影响行车安全,"A11,",2020-09-16,信息审核
522799,一汽-大众,迈腾,2019款 330TSI DSG 领先型 国V,一汽大众迈腾天窗漏水韩泰轮胎开裂严重,"F100,H90,I297,J301,",2020-09-16,处理反馈
522798,吉利汽车,经典帝豪,2013款 1.5L 手动 精英型 三厢,吉利经典帝豪空调频繁启停温度传感器故障,"H101,H234,",2020-09-16,处理反馈
522796,一汽-大众,宝来,2019款 改款 280TSI DSG 精英型 国V,一汽大众宝来大灯灯罩模糊影响正常使用,"H220,",2020-09-16,处理反馈
522795,吉利汽车,帝豪GS,2016款 1.3T 自动 领尚型 优雅版,吉利帝豪GS变速箱无法升挡 发动机动力不足,"A163,B33,B20,E43,",2020-09-16,处理反馈
522794,东风乘用车,风神AX7,2018款 经典 1.6T 自动 尊贵型,东风风神AX7发动机机油增多希望尽快解决,"A339,",2020-09-16,处理反馈
522792,起亚（进口）,索兰托,2015款 2.4L GDI 汽油4WD精英版 5座 索兰托L,进口起亚索兰托轮毂氧化希望厂家处理	,"H243,",2020-09-16,信息审核
522791,北京汽车,威旺M50F,2017款 1.5L 标准型,北汽威旺M50F方向盘抖动 后减震器漏油,"D80,G25,",2020-09-16,处理反馈
522789,猎豹汽车,Mattu,2018款 1.6T GDI DCT 精英型,猎豹Mattu行驶中变速箱脱挡厂家无法供货,"A34,B246,I295,N318,",2020-09-16,信息审核
522784,东风日产,天籁,2016款 2.0L XL 舒适版,东风日产天籁变速箱压力电磁阀B故障,"B84,",2020-09-16,处理反馈
522783,上汽大众斯柯达,速派,2019款 改款 TSI280 DSG 舒适版,斯柯达速派4S店在无资质的保险公司上保险,"L313,",2020-09-16,处理反馈
522780,福田,奥铃捷运,冷藏车,福田奥铃捷运行驶方向发飘左右晃动,"G204,",2020-09-16,信息审核
522779,广汽本田,皓影,2020款 240TURBO CVT 两驱 精英版,广汽本田皓影驾驶室内零件生锈严重,"H79,",2020-09-16,用户评分
522776,长安马自达,马自达3 昂克赛拉,2016款 1.5L 自动 豪华型 三厢,长安马自达昂克赛拉中控显示屏开胶,"H168,",2020-09-16,用户评分
522775,猎豹汽车,猎豹CS9,2017款 1.5L CVT 风尚型,猎豹CS9中控屏幕无法使用要求厂家解决,"H155,",2020-09-16,信息审核
522773,东风标致,标致3008,2015款 1.6THP 自动 至尚版,东风标致3008节温器故障要求保修处理,"A191,I297,",2020-09-16,处理反馈
522772,广汽本田,飞度,2014款 1.5L CVT SE时尚型,广汽本田飞度冷车启动时发动机异响,"A9,",2020-09-16,用户评分
522771,上汽大众,途观L,2020款 330TSI 自动 两驱 智动豪华版 国VI,上汽大众途观L马牌轮胎掉皮磨损严重,"F186,F10,I295,I293,",2020-09-16,处理反馈
522768,东风标致,标致207,2009款 1.6L 自动 品乐版 三厢,东风标致207左后轮有异响轮胎呈外八字,"G204,G125,G158,",2020-09-16,处理反馈
522765,一汽-大众,速腾,2018款 280TSI DSG熠动版,一汽大众速腾天窗中控台副驾驶座椅异响,"H93,H89,H169,",2020-09-16,处理反馈
522762,东风悦达起亚,智跑,2019款 2.0L 自动 智享豪华版,起亚智跑4S店销售重复收取保险费用不退还,"K307,",2020-09-16,处理反馈
522761,北京现代,领动,2018款 1.4T 双离合 炫动·活力型,北京现代领动4S店保养金额与实付金额不符,"K308,",2020-09-16,用户评分
522759,一汽丰田,亚洲龙,2019款 2.0L XLE 尊享版 国VI,一汽丰田亚洲龙车架号认证绑定陌生人,"J304,",2020-09-16,信息审核
522758,一汽-大众,迈腾,2015款 1.8TSI 尊贵型 改款,一汽大众迈腾变速箱拖挡要求厂家给予解决,"B69,",2020-09-16,处理反馈
522755,一汽-大众,宝来,2014款 1.6L 手动 舒适型,一汽大众宝来车灯起雾进水存在质量问题,"H88,",2020-09-16,处理反馈
522753,吉利汽车,帝豪GL,2017款 1.8L 手动 精英型,吉利帝豪GL车门把手掉漆要求给予解决,"H79,",2020-09-16,处理反馈
522746,东风启辰,启辰D60,2019款 十万荣耀 1.6L XL CVT 辰酷版 国VI,启辰D60左侧日行灯不亮要求厂家保修,"H82,I297,",2020-09-16,信息审核
522745,宝马（进口）,宝马X5,2015款 xDrive28i,进口宝马X5左后侧轮毂出现开裂的现象,"H243,",2020-09-16,处理反馈
522738,上汽大众,凌渡,2019款 230TSI DSG 风尚版 国VI,上汽大众凌渡变速箱顿挫 刹车及车身异响,"B33,B19,E43,H15,",2020-09-16,处理反馈
522736,东风启辰,启辰D60,2019款 十万荣耀 1.6L XL CVT 辰酷版 国VI,启辰D60变速箱空转无法换挡希望处理,"B20,",2020-09-16,信息审核
522732,福田汽车,祥菱M,2018款 1.5L M2非承载 双排 后双胎(厢式)DAM15L,福田祥菱M发动机故障灯亮 尾气排放不合格,"A34,A114,",2020-09-16,处理反馈
522729,一汽-大众,迈腾,2017款 330TSI DSG 领先型,一汽大众迈腾变速箱机电模块故障,"B84,",2020-09-16,处理反馈
522727,奇瑞捷豹路虎,发现神行,2018款 240PS SE版,路虎发现神行发动机进水4S店检查不彻底,"J304,J306,",2020-09-16,处理反馈
522715,奇瑞捷豹路虎,揽胜极光,2020款 249PS R-DYNAMIC SE 运动科技版,路虎揽胜极光高速行驶时仪表黑屏要求解决,"G56,H134,H101,H72,H15,H202,H149,H253,I295,I282,",2020-09-16,用户评分
522711,北京现代,胜达,2019款 380 TGDi GL 自动 两驱 精英版 国VI,北京现代胜达经销商无配件影响维修,"I295,N318,",2020-09-16,处理反馈
